Time,WiFi fingerprint serial number,WiFi AP serial number,Total number of AP scanned,WiFi SSID,WiFi BSSID,WiFi Frequency (MHz),WiFi RSSI (dBm),Magnetic x (µT),Magnetic y (µT),Magnetic z (µT),GPS Longitude (°),GPS Latitude (°),GPS Altitude (m),Orientation Azimuth (°),Orientation Pitch (°),Orientation Roll (°),Phone Model,Student ID,Reference Point ID
2026:09:06:16:20:31,1,1,16,DLU-Teacher,88:dc:97:12:65:2b,5805,-53,,,,,,,,,,M2012K11C,2212343,RP49
2026:09:06:16:20:31,1,2,16,DLU-Student-Lib,8e:dc:97:12:62:d0,5805,-66,,,,,,,,,,M2012K11C,2212343,RP49
2026:09:06:16:20:31,1,3,16,DLU-Student-Lib,8e:dc:97:12:65:63,2452,-66,,,,,,,,,,M2012K11C,2212343,RP49
2026:09:06:16:20:31,1,4,16,DLU-Student-Lib,8e:dc:97:12:65:64,5200,-59,,,,,,,,,,M2012K11C,2212343,RP49
2026:09:06:16:20:31,1,5,16,DLU-Teacher,88:dc:97:12:65:64,5200,-58,,,,,,,,,,M2012K11C,2212343,RP49
2026:09:06:16:20:31,1,6,16,DLU-Teacher,88:dc:97:12:65:63,2452,-66,,,,,,,,,,M2012K11C,2212343,RP49
2026:09:06:16:20:31,1,7,16,DLU-Student-Lib,8e:dc:97:12:65:2b,5805,-53,,,,,,,,,,M2012K11C,2212343,RP49
2026:09:06:16:20:31,1,8,16,DLU-Teacher,88:dc:97:12:62:c6,2452,-68,,,,,,,,,,M2012K11C,2212343,RP49
2026:09:06:16:20:31,1,9,16,DLU-Teacher,88:dc:97:12:62:c7,5500,-87,,,,,,,,,,M2012K11C,2212343,RP49
2026:09:06:16:20:31,1,10,16,DLU-Teacher,88:dc:97:12:62:cf,2412,-58,,,,,,,,,,M2012K11C,2212343,RP49
2026:09:06:16:20:31,1,11,16,DLU-Student-Lib,8e:dc:97:12:62:cf,2412,-59,,,,,,,,,,M2012K11C,2212343,RP49
2026:09:06:16:20:31,1,12,16,1.Free Wi-MESH,b4:5d:50:d7:e9:51,5220,-63,,,,,,,,,,M2012K11C,2212343,RP49
2026:09:06:16:20:31,1,13,16,DLU - WIMESH,b4:5d:50:d7:e9:50,5220,-65,,,,,,,,,,M2012K11C,2212343,RP49
2026:09:06:16:20:31,1,14,16,DLU-Teacher,88:dc:97:12:62:d0,5805,-66,,,,,,,,,,M2012K11C,2212343,RP49
2026:09:06:16:20:31,1,15,16,DLU - WIMESH,b4:5d:50:d7:e9:40,2462,-74,,,,,,,,,,M2012K11C,2212343,RP49
2026:09:06:16:20:31,1,16,16,1.Free Wi-MESH,b4:5d:50:d7:e9:41,2462,-72,,,,,,,,,,M2012K11C,2212343,RP49
2026:09:06:16:21:22,2,1,32,DLU-Teacher,88:dc:97:12:65:57,2412,-60,,,,,,,,,,M2012K11C,2212343,RP49
2026:09:06:16:21:22,2,2,32,DLU-Teacher,88:dc:97:12:64:82,2432,-62,,,,,,,,,,M2012K11C,2212343,RP49
2026:09:06:16:21:22,2,3,32,DLU-Teacher,88:dc:97:12:64:83,5300,-79,,,,,,,,,,M2012K11C,2212343,RP49
2026:09:06:16:21:22,2,4,32,DLU-Student-Lib,8e:dc:97:12:62:c7,5500,-79,,,,,,,,,,M2012K11C,2212343,RP49
2026:09:06:16:21:22,2,5,32,DLU-Teacher,88:dc:97:12:65:2b,5805,-54,,,,,,,,,,M2012K11C,2212343,RP49
2026:09:06:16:21:22,2,6,32,DLU-Teacher,88:dc:97:12:65:2a,2417,-44,,,,,,,,,,M2012K11C,2212343,RP49
2026:09:06:16:21:22,2,7,32,DLU-Student-Lib,8e:dc:97:12:62:d0,5805,-67,,,,,,,,,,M2012K11C,2212343,RP49
2026:09:06:16:21:22,2,8,32,DLU-Student-Lib,8e:dc:97:12:65:63,2452,-68,,,,,,,,,,M2012K11C,2212343,RP49
2026:09:06:16:21:22,2,9,32,DLU-Student-Lib,8e:dc:97:12:65:64,5200,-55,,,,,,,,,,M2012K11C,2212343,RP49
2026:09:06:16:21:22,2,10,32,DLU-Teacher,88:dc:97:12:65:58,5280,-73,,,,,,,,,,M2012K11C,2212343,RP49
2026:09:06:16:21:22,2,11,32,DLU-Teacher,88:dc:97:12:65:64,5200,-55,,,,,,,,,,M2012K11C,2212343,RP49
2026:09:06:16:21:22,2,12,32,DLU-Teacher,88:dc:97:12:65:63,2452,-66,,,,,,,,,,M2012K11C,2212343,RP49
2026:09:06:16:21:22,2,13,32,DLU-Student-Lib,8e:dc:97:12:65:2b,5805,-55,,,,,,,,,,M2012K11C,2212343,RP49
2026:09:06:16:21:22,2,14,32,DLU-Teacher,88:dc:97:12:62:c6,2452,-74,,,,,,,,,,M2012K11C,2212343,RP49
2026:09:06:16:21:22,2,15,32,DLU-Teacher,88:dc:97:12:62:c7,5500,-79,,,,,,,,,,M2012K11C,2212343,RP49
2026:09:06:16:21:22,2,16,32,DLU-Student-Lib,8e:dc:97:12:64:82,2432,-62,,,,,,,,,,M2012K11C,2212343,RP49
2026:09:06:16:21:22,2,17,32,DLU-Student-Lib,8e:dc:97:12:64:83,5300,-80,,,,,,,,,,M2012K11C,2212343,RP49
2026:09:06:16:21:22,2,18,32,DLU-Student-Lib,8e:dc:97:12:65:58,5280,-74,,,,,,,,,,M2012K11C,2212343,RP49
2026:09:06:16:21:22,2,19,32,DLU-Student-Lib,8e:dc:97:12:65:57,2412,-60,,,,,,,,,,M2012K11C,2212343,RP49
2026:09:06:16:21:22,2,20,32,iPhone (8),b6:40:69:6b:ac:74,2462,-73,,,,,,,,,,M2012K11C,2212343,RP49
2026:09:06:16:21:22,2,21,32,DLU-Teacher,88:dc:97:12:62:cf,2412,-58,,,,,,,,,,M2012K11C,2212343,RP49
2026:09:06:16:21:22,2,22,32,DLU-Student-Lib,8e:dc:97:12:65:21,2412,-60,,,,,,,,,,M2012K11C,2212343,RP49
2026:09:06:16:21:22,2,23,32,DLU-Student-Lib,8e:dc:97:12:62:cf,2412,-58,,,,,,,,,,M2012K11C,2212343,RP49
2026:09:06:16:21:22,2,24,32,1.Free Wi-MESH,b4:5d:50:d7:e9:51,5220,-65,,,,,,,,,,M2012K11C,2212343,RP49
2026:09:06:16:21:22,2,25,32,DLU - WIMESH,b4:5d:50:d7:e9:50,5220,-65,,,,,,,,,,M2012K11C,2212343,RP49
2026:09:06:16:21:22,2,26,32,DLU-Student-Lib,8e:dc:97:12:65:22,5765,-67,,,,,,,,,,M2012K11C,2212343,RP49
2026:09:06:16:21:22,2,27,32,DLU-Teacher,88:dc:97:12:62:d0,5805,-67,,,,,,,,,,M2012K11C,2212343,RP49
2026:09:06:16:21:22,2,28,32,DLU - WIMESH,b4:5d:50:d7:e9:40,2462,-76,,,,,,,,,,M2012K11C,2212343,RP49
2026:09:06:16:21:22,2,29,32,DLU-Student-Lib,8e:dc:97:12:65:2a,2417,-44,,,,,,,,,,M2012K11C,2212343,RP49
2026:09:06:16:21:22,2,30,32,DLU-Teacher,88:dc:97:12:65:22,5765,-66,,,,,,,,,,M2012K11C,2212343,RP49
2026:09:06:16:21:22,2,31,32,DLU-Teacher,88:dc:97:12:65:21,2412,-60,,,,,,,,,,M2012K11C,2212343,RP49
2026:09:06:16:21:22,2,32,32,1.Free Wi-MESH,b4:5d:50:d7:e9:41,2462,-76,,,,,,,,,,M2012K11C,2212343,RP49
2026:09:06:16:22:13,3,1,29,DLU-Teacher,88:dc:97:12:65:55,5260,-87,,,,,,,,,,M2012K11C,2212343,RP49
2026:09:06:16:22:13,3,2,29,DLU-Teacher,88:dc:97:12:64:82,2432,-70,,,,,,,,,,M2012K11C,2212343,RP49
2026:09:06:16:22:13,3,3,29,DLU-Teacher,88:dc:97:12:64:83,5300,-84,,,,,,,,,,M2012K11C,2212343,RP49
2026:09:06:16:22:13,3,4,29,DLU-Student-Lib,8e:dc:97:12:62:c7,5500,-82,,,,,,,,,,M2012K11C,2212343,RP49
2026:09:06:16:22:13,3,5,29,DLU-Teacher,88:dc:97:12:65:2b,5805,-52,,,,,,,,,,M2012K11C,2212343,RP49
2026:09:06:16:22:13,3,6,29,DLU-Teacher,88:dc:97:12:65:2a,2417,-59,,,,,,,,,,M2012K11C,2212343,RP49
2026:09:06:16:22:13,3,7,29,DLU-Student-Lib,8e:dc:97:12:62:d0,5805,-63,,,,,,,,,,M2012K11C,2212343,RP49
2026:09:06:16:22:13,3,8,29,DLU-Student-Lib,8e:dc:97:12:65:63,2452,-67,,,,,,,,,,M2012K11C,2212343,RP49
2026:09:06:16:22:13,3,9,29,DLU-Student-Lib,8e:dc:97:12:65:64,5200,-62,,,,,,,,,,M2012K11C,2212343,RP49
2026:09:06:16:22:13,3,10,29,DLU-Teacher,88:dc:97:12:64:c4,2452,-79,,,,,,,,,,M2012K11C,2212343,RP49
2026:09:06:16:22:13,3,11,29,DLU-Teacher,88:dc:97:12:65:58,5280,-81,,,,,,,,,,M2012K11C,2212343,RP49
2026:09:06:16:22:13,3,12,29,DLU-Teacher,88:dc:97:12:65:64,5200,-63,,,,,,,,,,M2012K11C,2212343,RP49
2026:09:06:16:22:13,3,13,29,DLU-Teacher,88:dc:97:12:65:63,2452,-67,,,,,,,,,,M2012K11C,2212343,RP49
2026:09:06:16:22:13,3,14,29,DLU-Student-Lib,8e:dc:97:12:65:2b,5805,-53,,,,,,,,,,M2012K11C,2212343,RP49
2026:09:06:16:22:13,3,15,29,DLU-Teacher,88:dc:97:12:62:c7,5500,-83,,,,,,,,,,M2012K11C,2212343,RP49
2026:09:06:16:22:13,3,16,29,DLU-Student-Lib,8e:dc:97:12:64:82,2432,-71,,,,,,,,,,M2012K11C,2212343,RP49
2026:09:06:16:22:13,3,17,29,DLU-Student-Lib,8e:dc:97:12:65:58,5280,-80,,,,,,,,,,M2012K11C,2212343,RP49
2026:09:06:16:22:13,3,18,29,iPhone (8),b6:40:69:6b:ac:74,2462,-80,,,,,,,,,,M2012K11C,2212343,RP49
2026:09:06:16:22:13,3,19,29,DLU-Teacher,88:dc:97:12:62:cf,2412,-56,,,,,,,,,,M2012K11C,2212343,RP49
2026:09:06:16:22:13,3,20,29,DLU-Student-Lib,8e:dc:97:12:62:cf,2412,-57,,,,,,,,,,M2012K11C,2212343,RP49
2026:09:06:16:22:13,3,21,29,1.Free Wi-MESH,b4:5d:50:d7:e9:51,5220,-69,,,,,,,,,,M2012K11C,2212343,RP49
2026:09:06:16:22:13,3,22,29,DLU - WIMESH,b4:5d:50:d7:e9:50,5220,-69,,,,,,,,,,M2012K11C,2212343,RP49
2026:09:06:16:22:13,3,23,29,DLU-Student-Lib,8e:dc:97:12:65:22,5765,-69,,,,,,,,,,M2012K11C,2212343,RP49
2026:09:06:16:22:13,3,24,29,DLU-Teacher,88:dc:97:12:62:d0,5805,-62,,,,,,,,,,M2012K11C,2212343,RP49
2026:09:06:16:22:13,3,25,29,DLU - WIMESH,b4:5d:50:d7:e9:40,2462,-70,,,,,,,,,,M2012K11C,2212343,RP49
2026:09:06:16:22:13,3,26,29,DLU-Student-Lib,8e:dc:97:12:65:2a,2417,-60,,,,,,,,,,M2012K11C,2212343,RP49
2026:09:06:16:22:13,3,27,29,DLU-Teacher,88:dc:97:12:65:22,5765,-69,,,,,,,,,,M2012K11C,2212343,RP49
2026:09:06:16:22:13,3,28,29,DLU-Teacher,88:dc:97:12:65:21,2412,-64,,,,,,,,,,M2012K11C,2212343,RP49
2026:09:06:16:22:13,3,29,29,1.Free Wi-MESH,b4:5d:50:d7:e9:41,2462,-74,,,,,,,,,,M2012K11C,2212343,RP49
2026:09:06:16:23:04,4,1,25,DLU-Teacher,88:dc:97:12:65:57,2412,-61,,,,,,,,,,M2012K11C,2212343,RP49
2026:09:06:16:23:04,4,2,25,DLU-Teacher,88:dc:97:12:64:82,2432,-68,,,,,,,,,,M2012K11C,2212343,RP49
2026:09:06:16:23:04,4,3,25,DLU-Teacher,88:dc:97:12:64:83,5300,-81,,,,,,,,,,M2012K11C,2212343,RP49
2026:09:06:16:23:04,4,4,25,DLU-Student-Lib,8e:dc:97:12:62:c7,5500,-80,,,,,,,,,,M2012K11C,2212343,RP49
2026:09:06:16:23:04,4,5,25,DLU-Teacher,88:dc:97:12:65:2b,5805,-54,,,,,,,,,,M2012K11C,2212343,RP49
2026:09:06:16:23:04,4,6,25,DLU-Teacher,88:dc:97:12:65:2a,2417,-44,,,,,,,,,,M2012K11C,2212343,RP49
2026:09:06:16:23:04,4,7,25,DLU-Student-Lib,8e:dc:97:12:62:d0,5805,-62,,,,,,,,,,M2012K11C,2212343,RP49
2026:09:06:16:23:04,4,8,25,DLU-Student-Lib,8e:dc:97:12:65:63,2452,-65,,,,,,,,,,M2012K11C,2212343,RP49
2026:09:06:16:23:04,4,9,25,DLU-Student-Lib,8e:dc:97:12:65:64,5200,-56,,,,,,,,,,M2012K11C,2212343,RP49
2026:09:06:16:23:04,4,10,25,DLU-Teacher,88:dc:97:12:65:64,5200,-55,,,,,,,,,,M2012K11C,2212343,RP49
2026:09:06:16:23:04,4,11,25,DLU-Teacher,88:dc:97:12:65:63,2452,-66,,,,,,,,,,M2012K11C,2212343,RP49
2026:09:06:16:23:04,4,12,25,DLU-Student-Lib,8e:dc:97:12:65:2b,5805,-53,,,,,,,,,,M2012K11C,2212343,RP49
2026:09:06:16:23:04,4,13,25,DLU-Teacher,88:dc:97:12:62:c7,5500,-80,,,,,,,,,,M2012K11C,2212343,RP49
2026:09:06:16:23:04,4,14,25,DLU-Student-Lib,8e:dc:97:12:64:82,2432,-69,,,,,,,,,,M2012K11C,2212343,RP49
2026:09:06:16:23:04,4,15,25,DLU-Student-Lib,8e:dc:97:12:64:83,5300,-79,,,,,,,,,,M2012K11C,2212343,RP49
2026:09:06:16:23:04,4,16,25,DLU-Student-Lib,8e:dc:97:12:65:57,2412,-60,,,,,,,,,,M2012K11C,2212343,RP49
2026:09:06:16:23:04,4,17,25,DLU-Teacher,88:dc:97:12:62:cf,2412,-55,,,,,,,,,,M2012K11C,2212343,RP49
2026:09:06:16:23:04,4,18,25,1.Free Wi-MESH,b4:5d:50:d7:e9:51,5220,-65,,,,,,,,,,M2012K11C,2212343,RP49
2026:09:06:16:23:04,4,19,25,DLU - WIMESH,b4:5d:50:d7:e9:50,5220,-65,,,,,,,,,,M2012K11C,2212343,RP49
2026:09:06:16:23:04,4,20,25,DLU-Student-Lib,8e:dc:97:12:65:22,5765,-67,,,,,,,,,,M2012K11C,2212343,RP49
2026:09:06:16:23:04,4,21,25,DLU-Teacher,88:dc:97:12:62:d0,5805,-61,,,,,,,,,,M2012K11C,2212343,RP49
2026:09:06:16:23:04,4,22,25,DLU-Student-Lib,8e:dc:97:12:65:2a,2417,-42,,,,,,,,,,M2012K11C,2212343,RP49
2026:09:06:16:23:04,4,23,25,DLU-Teacher,88:dc:97:12:65:22,5765,-66,,,,,,,,,,M2012K11C,2212343,RP49
2026:09:06:16:23:04,4,24,25,DLU-Teacher,88:dc:97:12:65:21,2412,-59,,,,,,,,,,M2012K11C,2212343,RP49
2026:09:06:16:23:04,4,25,25,1.Free Wi-MESH,b4:5d:50:d7:e9:41,2462,-76,,,,,,,,,,M2012K11C,2212343,RP49
2026:09:06:16:23:56,5,1,31,DLU-Teacher,88:dc:97:12:65:57,2412,-59,,,,,,,,,,M2012K11C,2212343,RP49
2026:09:06:16:23:56,5,2,31,DLU-Teacher,88:dc:97:12:64:82,2432,-68,,,,,,,,,,M2012K11C,2212343,RP49
2026:09:06:16:23:56,5,3,31,DLU-Teacher,88:dc:97:12:64:83,5300,-81,,,,,,,,,,M2012K11C,2212343,RP49
2026:09:06:16:23:56,5,4,31,DLU-Student-Lib,8e:dc:97:12:62:c6,2452,-72,,,,,,,,,,M2012K11C,2212343,RP49
2026:09:06:16:23:56,5,5,31,DLU-Teacher,88:dc:97:12:65:2b,5805,-52,,,,,,,,,,M2012K11C,2212343,RP49
2026:09:06:16:23:56,5,6,31,DLU-Teacher,88:dc:97:12:65:2a,2417,-44,,,,,,,,,,M2012K11C,2212343,RP49
2026:09:06:16:23:56,5,7,31,DLU-Student-Lib,8e:dc:97:12:62:d0,5805,-62,,,,,,,,,,M2012K11C,2212343,RP49
2026:09:06:16:23:56,5,8,31,DLU-Student-Lib,8e:dc:97:12:65:63,2452,-67,,,,,,,,,,M2012K11C,2212343,RP49
2026:09:06:16:23:56,5,9,31,DLU-Student-Lib,8e:dc:97:12:65:64,5200,-56,,,,,,,,,,M2012K11C,2212343,RP49
2026:09:06:16:23:56,5,10,31,DLU-Teacher,88:dc:97:12:65:58,5280,-73,,,,,,,,,,M2012K11C,2212343,RP49
2026:09:06:16:23:56,5,11,31,DLU-Teacher,88:dc:97:12:65:64,5200,-56,,,,,,,,,,M2012K11C,2212343,RP49
2026:09:06:16:23:56,5,12,31,DLU-Teacher,88:dc:97:12:65:63,2452,-68,,,,,,,,,,M2012K11C,2212343,RP49
2026:09:06:16:23:56,5,13,31,DLU-Student-Lib,8e:dc:97:12:65:2b,5805,-53,,,,,,,,,,M2012K11C,2212343,RP49
2026:09:06:16:23:56,5,14,31,DLU-Teacher,88:dc:97:12:62:c6,2452,-73,,,,,,,,,,M2012K11C,2212343,RP49
2026:09:06:16:23:56,5,15,31,DLU-Teacher,88:dc:97:12:62:c7,5500,-79,,,,,,,,,,M2012K11C,2212343,RP49
2026:09:06:16:23:56,5,16,31,DLU-Student-Lib,8e:dc:97:12:64:82,2432,-68,,,,,,,,,,M2012K11C,2212343,RP49
2026:09:06:16:23:56,5,17,31,DLU-Student-Lib,8e:dc:97:12:64:83,5300,-80,,,,,,,,,,M2012K11C,2212343,RP49
2026:09:06:16:23:56,5,18,31,DLU-Student-Lib,8e:dc:97:12:65:58,5280,-74,,,,,,,,,,M2012K11C,2212343,RP49
2026:09:06:16:23:56,5,19,31,iPhone (8),b6:40:69:6b:ac:74,2462,-75,,,,,,,,,,M2012K11C,2212343,RP49
2026:09:06:16:23:56,5,20,31,DLU-Teacher,88:dc:97:12:62:cf,2412,-53,,,,,,,,,,M2012K11C,2212343,RP49
2026:09:06:16:23:56,5,21,31,DLU-Student-Lib,8e:dc:97:12:65:21,2412,-59,,,,,,,,,,M2012K11C,2212343,RP49
2026:09:06:16:23:56,5,22,31,DLU-Student-Lib,8e:dc:97:12:62:cf,2412,-54,,,,,,,,,,M2012K11C,2212343,RP49
2026:09:06:16:23:56,5,23,31,1.Free Wi-MESH,b4:5d:50:d7:e9:51,5220,-65,,,,,,,,,,M2012K11C,2212343,RP49
2026:09:06:16:23:56,5,24,31,DLU - WIMESH,b4:5d:50:d7:e9:50,5220,-65,,,,,,,,,,M2012K11C,2212343,RP49
2026:09:06:16:23:56,5,25,31,DLU-Student-Lib,8e:dc:97:12:65:22,5765,-64,,,,,,,,,,M2012K11C,2212343,RP49
2026:09:06:16:23:56,5,26,31,DLU-Teacher,88:dc:97:12:62:d0,5805,-62,,,,,,,,,,M2012K11C,2212343,RP49
2026:09:06:16:23:56,5,27,31,DLU - WIMESH,b4:5d:50:d7:e9:40,2462,-77,,,,,,,,,,M2012K11C,2212343,RP49
2026:09:06:16:23:56,5,28,31,DLU-Student-Lib,8e:dc:97:12:65:2a,2417,-45,,,,,,,,,,M2012K11C,2212343,RP49
2026:09:06:16:23:56,5,29,31,DLU-Teacher,88:dc:97:12:65:22,5765,-65,,,,,,,,,,M2012K11C,2212343,RP49
2026:09:06:16:23:56,5,30,31,DLU-Teacher,88:dc:97:12:65:21,2412,-60,,,,,,,,,,M2012K11C,2212343,RP49
2026:09:06:16:23:56,5,31,31,1.Free Wi-MESH,b4:5d:50:d7:e9:41,2462,-76,,,,,,,,,,M2012K11C,2212343,RP49
2026:09:06:16:24:47,6,1,30,DLU-Teacher,88:dc:97:12:65:54,2427,-76,,,,,,,,,,M2012K11C,2212343,RP49
2026:09:06:16:24:47,6,2,30,DLU-Teacher,88:dc:97:12:64:82,2432,-68,,,,,,,,,,M2012K11C,2212343,RP49
2026:09:06:16:24:47,6,3,30,DLU-Teacher,88:dc:97:12:64:83,5300,-78,,,,,,,,,,M2012K11C,2212343,RP49
2026:09:06:16:24:47,6,4,30,DLU-Student-Lib,8e:dc:97:12:62:c7,5500,-79,,,,,,,,,,M2012K11C,2212343,RP49
2026:09:06:16:24:47,6,5,30,DLU-Student-Lib,8e:dc:97:12:62:c6,2452,-71,,,,,,,,,,M2012K11C,2212343,RP49
2026:09:06:16:24:47,6,6,30,DLU-Teacher,88:dc:97:12:65:2b,5805,-55,,,,,,,,,,M2012K11C,2212343,RP49
2026:09:06:16:24:47,6,7,30,DLU-Teacher,88:dc:97:12:65:2a,2417,-47,,,,,,,,,,M2012K11C,2212343,RP49
2026:09:06:16:24:47,6,8,30,DLU-Student-Lib,8e:dc:97:12:62:d0,5805,-62,,,,,,,,,,M2012K11C,2212343,RP49
2026:09:06:16:24:47,6,9,30,DLU-Student-Lib,8e:dc:97:12:65:63,2452,-66,,,,,,,,,,M2012K11C,2212343,RP49
2026:09:06:16:24:47,6,10,30,DLU-Student-Lib,8e:dc:97:12:65:64,5200,-55,,,,,,,,,,M2012K11C,2212343,RP49
2026:09:06:16:24:47,6,11,30,DLU-Teacher,88:dc:97:12:65:58,5280,-72,,,,,,,,,,M2012K11C,2212343,RP49
2026:09:06:16:24:47,6,12,30,DLU-Teacher,88:dc:97:12:65:64,5200,-55,,,,,,,,,,M2012K11C,2212343,RP49
2026:09:06:16:24:47,6,13,30,DLU-Teacher,88:dc:97:12:65:63,2452,-66,,,,,,,,,,M2012K11C,2212343,RP49
2026:09:06:16:24:47,6,14,30,DLU-Student-Lib,8e:dc:97:12:65:2b,5805,-54,,,,,,,,,,M2012K11C,2212343,RP49
2026:09:06:16:24:47,6,15,30,DLU-Teacher,88:dc:97:12:62:c6,2452,-72,,,,,,,,,,M2012K11C,2212343,RP49
2026:09:06:16:24:47,6,16,30,DLU-Teacher,88:dc:97:12:62:c7,5500,-79,,,,,,,,,,M2012K11C,2212343,RP49
2026:09:06:16:24:47,6,17,30,DLU-Student-Lib,8e:dc:97:12:64:82,2432,-69,,,,,,,,,,M2012K11C,2212343,RP49
2026:09:06:16:24:47,6,18,30,DLU-Student-Lib,8e:dc:97:12:64:83,5300,-80,,,,,,,,,,M2012K11C,2212343,RP49
2026:09:06:16:24:47,6,19,30,DLU-Student-Lib,8e:dc:97:12:65:58,5280,-73,,,,,,,,,,M2012K11C,2212343,RP49
2026:09:06:16:24:47,6,20,30,iPhone (8),b6:40:69:6b:ac:74,2462,-70,,,,,,,,,,M2012K11C,2212343,RP49
2026:09:06:16:24:47,6,21,30,DLU-Teacher,88:dc:97:12:62:cf,2412,-54,,,,,,,,,,M2012K11C,2212343,RP49
2026:09:06:16:24:47,6,22,30,DLU-Student-Lib,8e:dc:97:12:65:21,2412,-62,,,,,,,,,,M2012K11C,2212343,RP49
2026:09:06:16:24:47,6,23,30,DLU-Student-Lib,8e:dc:97:12:62:cf,2412,-54,,,,,,,,,,M2012K11C,2212343,RP49
2026:09:06:16:24:47,6,24,30,1.Free Wi-MESH,b4:5d:50:d7:e9:51,5220,-65,,,,,,,,,,M2012K11C,2212343,RP49
2026:09:06:16:24:47,6,25,30,DLU - WIMESH,b4:5d:50:d7:e9:50,5220,-65,,,,,,,,,,M2012K11C,2212343,RP49
2026:09:06:16:24:47,6,26,30,DLU-Student-Lib,8e:dc:97:12:65:22,5765,-66,,,,,,,,,,M2012K11C,2212343,RP49
2026:09:06:16:24:47,6,27,30,DLU-Teacher,88:dc:97:12:62:d0,5805,-62,,,,,,,,,,M2012K11C,2212343,RP49
2026:09:06:16:24:47,6,28,30,DLU - WIMESH,b4:5d:50:d7:e9:40,2462,-77,,,,,,,,,,M2012K11C,2212343,RP49
2026:09:06:16:24:47,6,29,30,DLU-Teacher,88:dc:97:12:65:22,5765,-65,,,,,,,,,,M2012K11C,2212343,RP49
2026:09:06:16:24:47,6,30,30,DLU-Teacher,88:dc:97:12:65:21,2412,-61,,,,,,,,,,M2012K11C,2212343,RP49
2026:09:06:16:25:38,7,1,30,DLU-Teacher,88:dc:97:12:65:54,2427,-79,,,,,,,,,,M2012K11C,2212343,RP49
2026:09:06:16:25:38,7,2,30,DLU-Teacher,88:dc:97:12:65:57,2412,-61,,,,,,,,,,M2012K11C,2212343,RP49
2026:09:06:16:25:38,7,3,30,DLU-Teacher,88:dc:97:12:64:82,2432,-70,,,,,,,,,,M2012K11C,2212343,RP49
2026:09:06:16:25:38,7,4,30,DLU-Student-Lib,8e:dc:97:12:62:c7,5500,-78,,,,,,,,,,M2012K11C,2212343,RP49
2026:09:06:16:25:38,7,5,30,DLU-Student-Lib,8e:dc:97:12:62:c6,2452,-72,,,,,,,,,,M2012K11C,2212343,RP49
2026:09:06:16:25:38,7,6,30,DLU-Teacher,88:dc:97:12:65:2b,5805,-52,,,,,,,,,,M2012K11C,2212343,RP49
2026:09:06:16:25:38,7,7,30,DLU-Teacher,88:dc:97:12:65:2a,2417,-41,,,,,,,,,,M2012K11C,2212343,RP49
2026:09:06:16:25:38,7,8,30,DLU-Student-Lib,8e:dc:97:12:62:d0,5805,-61,,,,,,,,,,M2012K11C,2212343,RP49
2026:09:06:16:25:38,7,9,30,DLU-Student-Lib,8e:dc:97:12:65:63,2452,-66,,,,,,,,,,M2012K11C,2212343,RP49
2026:09:06:16:25:38,7,10,30,DLU-Student-Lib,8e:dc:97:12:65:64,5200,-57,,,,,,,,,,M2012K11C,2212343,RP49
2026:09:06:16:25:38,7,11,30,DLU-Teacher,88:dc:97:12:65:58,5280,-74,,,,,,,,,,M2012K11C,2212343,RP49
2026:09:06:16:25:38,7,12,30,DLU-Teacher,88:dc:97:12:65:64,5200,-56,,,,,,,,,,M2012K11C,2212343,RP49
2026:09:06:16:25:38,7,13,30,DLU-Teacher,88:dc:97:12:65:63,2452,-66,,,,,,,,,,M2012K11C,2212343,RP49
2026:09:06:16:25:38,7,14,30,DLU-Student-Lib,8e:dc:97:12:65:2b,5805,-52,,,,,,,,,,M2012K11C,2212343,RP49
2026:09:06:16:25:38,7,15,30,DLU-Teacher,88:dc:97:12:62:c6,2452,-71,,,,,,,,,,M2012K11C,2212343,RP49
2026:09:06:16:25:38,7,16,30,DLU-Teacher,88:dc:97:12:62:c7,5500,-79,,,,,,,,,,M2012K11C,2212343,RP49
2026:09:06:16:25:38,7,17,30,DLU-Student-Lib,8e:dc:97:12:64:82,2432,-68,,,,,,,,,,M2012K11C,2212343,RP49
2026:09:06:16:25:38,7,18,30,DLU-Student-Lib,8e:dc:97:12:65:58,5280,-74,,,,,,,,,,M2012K11C,2212343,RP49
2026:09:06:16:25:38,7,19,30,DLU-Student-Lib,8e:dc:97:12:65:57,2412,-59,,,,,,,,,,M2012K11C,2212343,RP49
2026:09:06:16:25:38,7,20,30,iPhone (8),b6:40:69:6b:ac:74,2462,-71,,,,,,,,,,M2012K11C,2212343,RP49
2026:09:06:16:25:38,7,21,30,DLU-Teacher,88:dc:97:12:62:cf,2412,-52,,,,,,,,,,M2012K11C,2212343,RP49
2026:09:06:16:25:38,7,22,30,DLU-Student-Lib,8e:dc:97:12:65:21,2412,-63,,,,,,,,,,M2012K11C,2212343,RP49
2026:09:06:16:25:38,7,23,30,DLU-Student-Lib,8e:dc:97:12:62:cf,2412,-53,,,,,,,,,,M2012K11C,2212343,RP49
2026:09:06:16:25:38,7,24,30,1.Free Wi-MESH,b4:5d:50:d7:e9:51,5220,-65,,,,,,,,,,M2012K11C,2212343,RP49
2026:09:06:16:25:38,7,25,30,DLU - WIMESH,b4:5d:50:d7:e9:50,5220,-65,,,,,,,,,,M2012K11C,2212343,RP49
2026:09:06:16:25:38,7,26,30,DLU-Student-Lib,8e:dc:97:12:65:22,5765,-66,,,,,,,,,,M2012K11C,2212343,RP49
2026:09:06:16:25:38,7,27,30,DLU-Teacher,88:dc:97:12:62:d0,5805,-61,,,,,,,,,,M2012K11C,2212343,RP49
2026:09:06:16:25:38,7,28,30,DLU-Student-Lib,8e:dc:97:12:65:2a,2417,-43,,,,,,,,,,M2012K11C,2212343,RP49
2026:09:06:16:25:38,7,29,30,DLU-Teacher,88:dc:97:12:65:22,5765,-66,,,,,,,,,,M2012K11C,2212343,RP49
2026:09:06:16:25:38,7,30,30,DLU-Teacher,88:dc:97:12:65:21,2412,-62,,,,,,,,,,M2012K11C,2212343,RP49
2026:09:06:16:26:29,8,1,27,DLU-Teacher,88:dc:97:12:65:57,2412,-60,,,,,,,,,,M2012K11C,2212343,RP49
2026:09:06:16:26:29,8,2,27,DLU-Teacher,88:dc:97:12:64:82,2432,-67,,,,,,,,,,M2012K11C,2212343,RP49
2026:09:06:16:26:29,8,3,27,DLU-Teacher,88:dc:97:12:64:83,5300,-79,,,,,,,,,,M2012K11C,2212343,RP49
2026:09:06:16:26:29,8,4,27,DLU-Student-Lib,8e:dc:97:12:62:c7,5500,-80,,,,,,,,,,M2012K11C,2212343,RP49
2026:09:06:16:26:29,8,5,27,DLU-Teacher,88:dc:97:12:65:2b,5805,-54,,,,,,,,,,M2012K11C,2212343,RP49
2026:09:06:16:26:29,8,6,27,DLU-Teacher,88:dc:97:12:65:2a,2417,-46,,,,,,,,,,M2012K11C,2212343,RP49
2026:09:06:16:26:29,8,7,27,DLU-Student-Lib,8e:dc:97:12:62:d0,5805,-62,,,,,,,,,,M2012K11C,2212343,RP49
2026:09:06:16:26:29,8,8,27,DLU-Teacher,88:dc:97:12:65:58,5280,-74,,,,,,,,,,M2012K11C,2212343,RP49
2026:09:06:16:26:29,8,9,27,DLU-Teacher,88:dc:97:12:65:63,2452,-68,,,,,,,,,,M2012K11C,2212343,RP49
2026:09:06:16:26:29,8,10,27,DLU-Student-Lib,8e:dc:97:12:65:2b,5805,-52,,,,,,,,,,M2012K11C,2212343,RP49
2026:09:06:16:26:29,8,11,27,DLU-Teacher,88:dc:97:12:62:c6,2452,-70,,,,,,,,,,M2012K11C,2212343,RP49
2026:09:06:16:26:29,8,12,27,DLU-Teacher,88:dc:97:12:62:c7,5500,-79,,,,,,,,,,M2012K11C,2212343,RP49
2026:09:06:16:26:29,8,13,27,DLU-Student-Lib,8e:dc:97:12:64:82,2432,-68,,,,,,,,,,M2012K11C,2212343,RP49
2026:09:06:16:26:29,8,14,27,DLU-Student-Lib,8e:dc:97:12:64:83,5300,-79,,,,,,,,,,M2012K11C,2212343,RP49
2026:09:06:16:26:29,8,15,27,DLU-Student-Lib,8e:dc:97:12:65:58,5280,-74,,,,,,,,,,M2012K11C,2212343,RP49
2026:09:06:16:26:29,8,16,27,DLU-Student-Lib,8e:dc:97:12:65:57,2412,-60,,,,,,,,,,M2012K11C,2212343,RP49
2026:09:06:16:26:29,8,17,27,DLU-Teacher,88:dc:97:12:62:cf,2412,-53,,,,,,,,,,M2012K11C,2212343,RP49
2026:09:06:16:26:29,8,18,27,DLU-Student-Lib,8e:dc:97:12:65:21,2412,-59,,,,,,,,,,M2012K11C,2212343,RP49
2026:09:06:16:26:29,8,19,27,DLU-Student-Lib,8e:dc:97:12:62:cf,2412,-54,,,,,,,,,,M2012K11C,2212343,RP49
2026:09:06:16:26:29,8,20,27,1.Free Wi-MESH,b4:5d:50:d7:e9:51,5220,-69,,,,,,,,,,M2012K11C,2212343,RP49
2026:09:06:16:26:29,8,21,27,DLU - WIMESH,b4:5d:50:d7:e9:50,5220,-65,,,,,,,,,,M2012K11C,2212343,RP49
2026:09:06:16:26:29,8,22,27,DLU-Student-Lib,8e:dc:97:12:65:22,5765,-66,,,,,,,,,,M2012K11C,2212343,RP49
2026:09:06:16:26:29,8,23,27,DLU - WIMESH,b4:5d:50:d7:e9:40,2462,-71,,,,,,,,,,M2012K11C,2212343,RP49
2026:09:06:16:26:29,8,24,27,DLU-Student-Lib,8e:dc:97:12:65:2a,2417,-46,,,,,,,,,,M2012K11C,2212343,RP49
2026:09:06:16:26:29,8,25,27,DLU-Teacher,88:dc:97:12:65:22,5765,-65,,,,,,,,,,M2012K11C,2212343,RP49
2026:09:06:16:26:29,8,26,27,DLU-Teacher,88:dc:97:12:65:21,2412,-60,,,,,,,,,,M2012K11C,2212343,RP49
2026:09:06:16:26:29,8,27,27,1.Free Wi-MESH,b4:5d:50:d7:e9:41,2462,-70,,,,,,,,,,M2012K11C,2212343,RP49
2026:09:06:16:27:21,9,1,42,DLU-Teacher,88:dc:97:12:65:55,5260,-89,,,,,,,,,,M2012K11C,2212343,RP49
2026:09:06:16:27:21,9,2,42,DLU-Teacher,88:dc:97:12:65:54,2427,-88,,,,,,,,,,M2012K11C,2212343,RP49
2026:09:06:16:27:21,9,3,42,DLU-Teacher,88:dc:97:12:65:57,2412,-61,,,,,,,,,,M2012K11C,2212343,RP49
2026:09:06:16:27:21,9,4,42,DLU-Teacher,88:dc:97:12:64:82,2432,-69,,,,,,,,,,M2012K11C,2212343,RP49
2026:09:06:16:27:21,9,5,42,DLU-Teacher,88:dc:97:12:64:83,5300,-81,,,,,,,,,,M2012K11C,2212343,RP49
2026:09:06:16:27:21,9,6,42,DLU-Student-Lib,8e:dc:97:12:62:c7,5500,-80,,,,,,,,,,M2012K11C,2212343,RP49
2026:09:06:16:27:21,9,7,42,DLU-Student-Lib,8e:dc:97:12:62:c6,2452,-71,,,,,,,,,,M2012K11C,2212343,RP49
2026:09:06:16:27:21,9,8,42,DLU-Teacher,88:dc:97:12:65:2b,5805,-52,,,,,,,,,,M2012K11C,2212343,RP49
2026:09:06:16:27:21,9,9,42,DLU-Teacher,88:dc:97:12:65:2a,2417,-42,,,,,,,,,,M2012K11C,2212343,RP49
2026:09:06:16:27:21,9,10,42,DLU-Student-Lib,8e:dc:97:12:62:d0,5805,-62,,,,,,,,,,M2012K11C,2212343,RP49
2026:09:06:16:27:21,9,11,42,DLU-Student-Lib,8e:dc:97:12:65:63,2452,-67,,,,,,,,,,M2012K11C,2212343,RP49
2026:09:06:16:27:21,9,12,42,DLU-Student-Lib,8e:dc:97:12:65:64,5200,-57,,,,,,,,,,M2012K11C,2212343,RP49
2026:09:06:16:27:21,9,13,42,DLU-Teacher,88:dc:97:12:64:c4,2452,-83,,,,,,,,,,M2012K11C,2212343,RP49
2026:09:06:16:27:21,9,14,42,DLU-Teacher,88:dc:97:12:65:58,5280,-74,,,,,,,,,,M2012K11C,2212343,RP49
2026:09:06:16:27:21,9,15,42,DLU-Student-Lib,8e:dc:97:12:64:c4,2452,-84,,,,,,,,,,M2012K11C,2212343,RP49
2026:09:06:16:27:21,9,16,42,DLU-Teacher,88:dc:97:12:65:64,5200,-57,,,,,,,,,,M2012K11C,2212343,RP49
2026:09:06:16:27:21,9,17,42,DLU-Teacher,88:dc:97:12:65:63,2452,-68,,,,,,,,,,M2012K11C,2212343,RP49
2026:09:06:16:27:21,9,18,42,Khoi Nghiep Dalat,7c:7b:68:f4:d6:70,2442,-84,,,,,,,,,,M2012K11C,2212343,RP49
2026:09:06:16:27:21,9,19,42,DLU-Student-Lib,8e:dc:97:12:65:2b,5805,-53,,,,,,,,,,M2012K11C,2212343,RP49
2026:09:06:16:27:21,9,20,42,DLU-Teacher,88:dc:97:12:62:c6,2452,-72,,,,,,,,,,M2012K11C,2212343,RP49
2026:09:06:16:27:21,9,21,42,DLU-Teacher,88:dc:97:12:62:c7,5500,-80,,,,,,,,,,M2012K11C,2212343,RP49
2026:09:06:16:27:21,9,22,42,DLU-Student-Lib,8e:dc:97:12:64:82,2432,-68,,,,,,,,,,M2012K11C,2212343,RP49
2026:09:06:16:27:21,9,23,42,DLU-Student-Lib,8e:dc:97:12:64:83,5300,-81,,,,,,,,,,M2012K11C,2212343,RP49
2026:09:06:16:27:21,9,24,42,DLU-Student-HTTV,8e:dc:97:12:65:54,2427,-85,,,,,,,,,,M2012K11C,2212343,RP49
2026:09:06:16:27:21,9,25,42,DLU-Student-HTTV,8e:dc:97:12:65:55,5260,-91,,,,,,,,,,M2012K11C,2212343,RP49
2026:09:06:16:27:21,9,26,42,DLU-Student-Lib,8e:dc:97:12:65:58,5280,-74,,,,,,,,,,M2012K11C,2212343,RP49
2026:09:06:16:27:21,9,27,42,DLU-Student-Lib,8e:dc:97:12:65:57,2412,-59,,,,,,,,,,M2012K11C,2212343,RP49
2026:09:06:16:27:21,9,28,42,DLU-Teacher,88:dc:97:12:62:cf,2412,-55,,,,,,,,,,M2012K11C,2212343,RP49
2026:09:06:16:27:21,9,29,42,DLU-Student-Lib,8e:dc:97:12:65:21,2412,-60,,,,,,,,,,M2012K11C,2212343,RP49
2026:09:06:16:27:21,9,30,42,DLU-Student-Lib,8e:dc:97:12:62:cf,2412,-53,,,,,,,,,,M2012K11C,2212343,RP49
2026:09:06:16:27:21,9,31,42,1.Free Wi-MESH,b4:5d:50:d7:e9:51,5220,-65,,,,,,,,,,M2012K11C,2212343,RP49
2026:09:06:16:27:21,9,32,42,DLU - WIMESH,b4:5d:50:d7:e9:50,5220,-67,,,,,,,,,,M2012K11C,2212343,RP49
2026:09:06:16:27:21,9,33,42,DLU-Student-Lib,8e:dc:97:12:62:cc,2422,-89,,,,,,,,,,M2012K11C,2212343,RP49
2026:09:06:16:27:21,9,34,42,DLU-Student-Lib,8e:dc:97:12:65:22,5765,-66,,,,,,,,,,M2012K11C,2212343,RP49
2026:09:06:16:27:21,9,35,42,DLU-Student-HTTV,8e:dc:97:12:63:00,5240,-89,,,,,,,,,,M2012K11C,2212343,RP49
2026:09:06:16:27:21,9,36,42,DLU-Teacher,88:dc:97:12:62:d0,5805,-62,,,,,,,,,,M2012K11C,2212343,RP49
2026:09:06:16:27:21,9,37,42,DLU - WIMESH,b4:5d:50:d7:e9:40,2462,-76,,,,,,,,,,M2012K11C,2212343,RP49
2026:09:06:16:27:21,9,38,42,DLU-Student-Lib,8e:dc:97:12:65:2a,2417,-44,,,,,,,,,,M2012K11C,2212343,RP49
2026:09:06:16:27:21,9,39,42,DLU-Teacher,88:dc:97:12:65:22,5765,-66,,,,,,,,,,M2012K11C,2212343,RP49
2026:09:06:16:27:21,9,40,42,DLU-Teacher,88:dc:97:12:65:21,2412,-59,,,,,,,,,,M2012K11C,2212343,RP49
2026:09:06:16:27:21,9,41,42,DLU-Teacher,88:dc:97:12:63:00,5240,-88,,,,,,,,,,M2012K11C,2212343,RP49
2026:09:06:16:27:21,9,42,42,1.Free Wi-MESH,b4:5d:50:d7:e9:41,2462,-76,,,,,,,,,,M2012K11C,2212343,RP49
2026:09:06:16:28:12,10,1,32,DLU-Teacher,88:dc:97:12:65:57,2412,-59,,,,,,,,,,M2012K11C,2212343,RP49
2026:09:06:16:28:12,10,2,32,DLU-Teacher,88:dc:97:12:64:82,2432,-68,,,,,,,,,,M2012K11C,2212343,RP49
2026:09:06:16:28:12,10,3,32,DLU-Teacher,88:dc:97:12:64:83,5300,-80,,,,,,,,,,M2012K11C,2212343,RP49
2026:09:06:16:28:12,10,4,32,DLU-Student-Lib,8e:dc:97:12:62:c7,5500,-79,,,,,,,,,,M2012K11C,2212343,RP49
2026:09:06:16:28:12,10,5,32,DLU-Student-Lib,8e:dc:97:12:62:c6,2452,-72,,,,,,,,,,M2012K11C,2212343,RP49
2026:09:06:16:28:12,10,6,32,DLU-Teacher,88:dc:97:12:65:2b,5805,-54,,,,,,,,,,M2012K11C,2212343,RP49
2026:09:06:16:28:12,10,7,32,DLU-Teacher,88:dc:97:12:65:2a,2417,-44,,,,,,,,,,M2012K11C,2212343,RP49
2026:09:06:16:28:12,10,8,32,DLU-Student-Lib,8e:dc:97:12:62:d0,5805,-63,,,,,,,,,,M2012K11C,2212343,RP49
2026:09:06:16:28:12,10,9,32,DLU-Student-Lib,8e:dc:97:12:65:63,2452,-68,,,,,,,,,,M2012K11C,2212343,RP49
2026:09:06:16:28:12,10,10,32,DLU-Student-Lib,8e:dc:97:12:65:64,5200,-55,,,,,,,,,,M2012K11C,2212343,RP49
2026:09:06:16:28:12,10,11,32,DLU-Teacher,88:dc:97:12:64:c4,2452,-81,,,,,,,,,,M2012K11C,2212343,RP49
2026:09:06:16:28:12,10,12,32,DLU-Teacher,88:dc:97:12:65:58,5280,-74,,,,,,,,,,M2012K11C,2212343,RP49
2026:09:06:16:28:12,10,13,32,DLU-Teacher,88:dc:97:12:65:64,5200,-55,,,,,,,,,,M2012K11C,2212343,RP49
2026:09:06:16:28:12,10,14,32,DLU-Teacher,88:dc:97:12:65:63,2452,-65,,,,,,,,,,M2012K11C,2212343,RP49
2026:09:06:16:28:12,10,15,32,DLU-Student-Lib,8e:dc:97:12:65:2b,5805,-54,,,,,,,,,,M2012K11C,2212343,RP49
2026:09:06:16:28:12,10,16,32,DLU-Teacher,88:dc:97:12:62:c6,2452,-72,,,,,,,,,,M2012K11C,2212343,RP49
2026:09:06:16:28:12,10,17,32,DLU-Teacher,88:dc:97:12:62:c7,5500,-78,,,,,,,,,,M2012K11C,2212343,RP49
2026:09:06:16:28:12,10,18,32,DLU-Student-Lib,8e:dc:97:12:64:82,2432,-69,,,,,,,,,,M2012K11C,2212343,RP49
2026:09:06:16:28:12,10,19,32,DLU-Student-Lib,8e:dc:97:12:64:83,5300,-80,,,,,,,,,,M2012K11C,2212343,RP49
2026:09:06:16:28:12,10,20,32,DLU-Student-Lib,8e:dc:97:12:65:58,5280,-74,,,,,,,,,,M2012K11C,2212343,RP49
2026:09:06:16:28:12,10,21,32,DLU-Student-Lib,8e:dc:97:12:65:57,2412,-60,,,,,,,,,,M2012K11C,2212343,RP49
2026:09:06:16:28:12,10,22,32,DLU-Teacher,88:dc:97:12:62:cf,2412,-56,,,,,,,,,,M2012K11C,2212343,RP49
2026:09:06:16:28:12,10,23,32,DLU-Student-Lib,8e:dc:97:12:65:21,2412,-61,,,,,,,,,,M2012K11C,2212343,RP49
2026:09:06:16:28:12,10,24,32,DLU-Student-Lib,8e:dc:97:12:62:cf,2412,-55,,,,,,,,,,M2012K11C,2212343,RP49
2026:09:06:16:28:12,10,25,32,1.Free Wi-MESH,b4:5d:50:d7:e9:51,5220,-65,,,,,,,,,,M2012K11C,2212343,RP49
2026:09:06:16:28:12,10,26,32,DLU - WIMESH,b4:5d:50:d7:e9:50,5220,-65,,,,,,,,,,M2012K11C,2212343,RP49
2026:09:06:16:28:12,10,27,32,DLU-Student-Lib,8e:dc:97:12:65:22,5765,-66,,,,,,,,,,M2012K11C,2212343,RP49
2026:09:06:16:28:12,10,28,32,DLU-Teacher,88:dc:97:12:62:d0,5805,-62,,,,,,,,,,M2012K11C,2212343,RP49
2026:09:06:16:28:12,10,29,32,DLU-Student-Lib,8e:dc:97:12:65:2a,2417,-42,,,,,,,,,,M2012K11C,2212343,RP49
2026:09:06:16:28:12,10,30,32,DLU-Teacher,88:dc:97:12:65:22,5765,-66,,,,,,,,,,M2012K11C,2212343,RP49
2026:09:06:16:28:12,10,31,32,DLU-Teacher,88:dc:97:12:65:21,2412,-60,,,,,,,,,,M2012K11C,2212343,RP49
2026:09:06:16:28:12,10,32,32,DLU-Teacher,88:dc:97:12:63:00,5240,-89,,,,,,,,,,M2012K11C,2212343,RP49
2026:09:06:16:29:03,11,1,27,DLU-Teacher,88:dc:97:12:65:55,5260,-91,,,,,,,,,,M2012K11C,2212343,RP49
2026:09:06:16:29:03,11,2,27,DLU-Teacher,88:dc:97:12:65:57,2412,-60,,,,,,,,,,M2012K11C,2212343,RP49
2026:09:06:16:29:03,11,3,27,DLU-Teacher,88:dc:97:12:64:82,2432,-69,,,,,,,,,,M2012K11C,2212343,RP49
2026:09:06:16:29:03,11,4,27,DLU-Student-Lib,8e:dc:97:12:62:c7,5500,-78,,,,,,,,,,M2012K11C,2212343,RP49
2026:09:06:16:29:03,11,5,27,DLU-Student-Lib,8e:dc:97:12:62:c6,2452,-72,,,,,,,,,,M2012K11C,2212343,RP49
2026:09:06:16:29:03,11,6,27,DLU-Teacher,88:dc:97:12:65:2b,5805,-53,,,,,,,,,,M2012K11C,2212343,RP49
2026:09:06:16:29:03,11,7,27,DLU-Teacher,88:dc:97:12:65:2a,2417,-42,,,,,,,,,,M2012K11C,2212343,RP49
2026:09:06:16:29:03,11,8,27,DLU-Student-Lib,8e:dc:97:12:62:d0,5805,-64,,,,,,,,,,M2012K11C,2212343,RP49
2026:09:06:16:29:03,11,9,27,DLU-Student-Lib,8e:dc:97:12:65:63,2452,-66,,,,,,,,,,M2012K11C,2212343,RP49
2026:09:06:16:29:03,11,10,27,DLU-Student-Lib,8e:dc:97:12:65:64,5200,-57,,,,,,,,,,M2012K11C,2212343,RP49
2026:09:06:16:29:03,11,11,27,DLU-Teacher,88:dc:97:12:65:58,5280,-74,,,,,,,,,,M2012K11C,2212343,RP49
2026:09:06:16:29:03,11,12,27,DLU-Teacher,88:dc:97:12:65:64,5200,-56,,,,,,,,,,M2012K11C,2212343,RP49
2026:09:06:16:29:03,11,13,27,DLU-Teacher,88:dc:97:12:65:63,2452,-66,,,,,,,,,,M2012K11C,2212343,RP49
2026:09:06:16:29:03,11,14,27,DLU-Student-Lib,8e:dc:97:12:65:2b,5805,-52,,,,,,,,,,M2012K11C,2212343,RP49
2026:09:06:16:29:03,11,15,27,DLU-Teacher,88:dc:97:12:62:c6,2452,-74,,,,,,,,,,M2012K11C,2212343,RP49
2026:09:06:16:29:03,11,16,27,DLU-Teacher,88:dc:97:12:62:c7,5500,-78,,,,,,,,,,M2012K11C,2212343,RP49
2026:09:06:16:29:03,11,17,27,DLU-Student-Lib,8e:dc:97:12:65:58,5280,-73,,,,,,,,,,M2012K11C,2212343,RP49
2026:09:06:16:29:03,11,18,27,DLU-Student-Lib,8e:dc:97:12:65:57,2412,-61,,,,,,,,,,M2012K11C,2212343,RP49
2026:09:06:16:29:03,11,19,27,iPhone (8),b6:40:69:6b:ac:74,2462,-76,,,,,,,,,,M2012K11C,2212343,RP49
2026:09:06:16:29:03,11,20,27,DLU-Student-Lib,8e:dc:97:12:65:21,2412,-61,,,,,,,,,,M2012K11C,2212343,RP49
2026:09:06:16:29:03,11,21,27,1.Free Wi-MESH,b4:5d:50:d7:e9:51,5220,-65,,,,,,,,,,M2012K11C,2212343,RP49
2026:09:06:16:29:03,11,22,27,DLU - WIMESH,b4:5d:50:d7:e9:50,5220,-65,,,,,,,,,,M2012K11C,2212343,RP49
2026:09:06:16:29:03,11,23,27,DLU-Student-Lib,8e:dc:97:12:65:22,5765,-67,,,,,,,,,,M2012K11C,2212343,RP49
2026:09:06:16:29:03,11,24,27,DLU-Teacher,88:dc:97:12:62:d0,5805,-64,,,,,,,,,,M2012K11C,2212343,RP49
2026:09:06:16:29:03,11,25,27,DLU-Student-Lib,8e:dc:97:12:65:2a,2417,-44,,,,,,,,,,M2012K11C,2212343,RP49
2026:09:06:16:29:03,11,26,27,DLU-Teacher,88:dc:97:12:65:22,5765,-67,,,,,,,,,,M2012K11C,2212343,RP49
2026:09:06:16:29:03,11,27,27,DLU-Teacher,88:dc:97:12:65:21,2412,-59,,,,,,,,,,M2012K11C,2212343,RP49
2026:09:06:16:29:54,12,1,24,DLU-Teacher,88:dc:97:12:65:54,2427,-77,,,,,,,,,,M2012K11C,2212343,RP49
2026:09:06:16:29:54,12,2,24,DLU-Teacher,88:dc:97:12:64:82,2432,-63,,,,,,,,,,M2012K11C,2212343,RP49
2026:09:06:16:29:54,12,3,24,DLU-Student-Lib,8e:dc:97:12:62:c7,5500,-78,,,,,,,,,,M2012K11C,2212343,RP49
2026:09:06:16:29:54,12,4,24,DLU-Teacher,88:dc:97:12:65:2b,5805,-54,,,,,,,,,,M2012K11C,2212343,RP49
2026:09:06:16:29:54,12,5,24,DLU-Teacher,88:dc:97:12:65:2a,2417,-44,,,,,,,,,,M2012K11C,2212343,RP49
2026:09:06:16:29:54,12,6,24,DLU-Student-Lib,8e:dc:97:12:62:d0,5805,-62,,,,,,,,,,M2012K11C,2212343,RP49
2026:09:06:16:29:54,12,7,24,DLU-Student-Lib,8e:dc:97:12:65:63,2452,-66,,,,,,,,,,M2012K11C,2212343,RP49
2026:09:06:16:29:54,12,8,24,DLU-Student-Lib,8e:dc:97:12:65:64,5200,-56,,,,,,,,,,M2012K11C,2212343,RP49
2026:09:06:16:29:54,12,9,24,DLU-Teacher,88:dc:97:12:65:58,5280,-73,,,,,,,,,,M2012K11C,2212343,RP49
2026:09:06:16:29:54,12,10,24,DLU-Teacher,88:dc:97:12:65:64,5200,-55,,,,,,,,,,M2012K11C,2212343,RP49
2026:09:06:16:29:54,12,11,24,DLU-Teacher,88:dc:97:12:65:63,2452,-57,,,,,,,,,,M2012K11C,2212343,RP49
2026:09:06:16:29:54,12,12,24,DLU-Student-Lib,8e:dc:97:12:65:2b,5805,-54,,,,,,,,,,M2012K11C,2212343,RP49
2026:09:06:16:29:54,12,13,24,DLU-Teacher,88:dc:97:12:62:c7,5500,-78,,,,,,,,,,M2012K11C,2212343,RP49
2026:09:06:16:29:54,12,14,24,DLU-Student-Lib,8e:dc:97:12:64:82,2432,-68,,,,,,,,,,M2012K11C,2212343,RP49
2026:09:06:16:29:54,12,15,24,DLU-Student-HTTV,8e:dc:97:12:65:54,2427,-79,,,,,,,,,,M2012K11C,2212343,RP49
2026:09:06:16:29:54,12,16,24,DLU-Student-Lib,8e:dc:97:12:65:58,5280,-73,,,,,,,,,,M2012K11C,2212343,RP49
2026:09:06:16:29:54,12,17,24,DLU-Teacher,88:dc:97:12:62:cf,2412,-57,,,,,,,,,,M2012K11C,2212343,RP49
2026:09:06:16:29:54,12,18,24,DLU-Student-Lib,8e:dc:97:12:62:cf,2412,-57,,,,,,,,,,M2012K11C,2212343,RP49
2026:09:06:16:29:54,12,19,24,1.Free Wi-MESH,b4:5d:50:d7:e9:51,5220,-64,,,,,,,,,,M2012K11C,2212343,RP49
2026:09:06:16:29:54,12,20,24,DLU - WIMESH,b4:5d:50:d7:e9:50,5220,-65,,,,,,,,,,M2012K11C,2212343,RP49
2026:09:06:16:29:54,12,21,24,DLU-Student-Lib,8e:dc:97:12:65:22,5765,-66,,,,,,,,,,M2012K11C,2212343,RP49
2026:09:06:16:29:54,12,22,24,DLU-Teacher,88:dc:97:12:62:d0,5805,-62,,,,,,,,,,M2012K11C,2212343,RP49
2026:09:06:16:29:54,12,23,24,DLU-Student-Lib,8e:dc:97:12:65:2a,2417,-44,,,,,,,,,,M2012K11C,2212343,RP49
2026:09:06:16:29:54,12,24,24,DLU-Teacher,88:dc:97:12:65:22,5765,-66,,,,,,,,,,M2012K11C,2212343,RP49
2026:09:06:16:30:45,13,1,29,DLU-Teacher,88:dc:97:12:65:54,2427,-87,,,,,,,,,,M2012K11C,2212343,RP49
2026:09:06:16:30:45,13,2,29,DLU-Teacher,88:dc:97:12:64:82,2432,-69,,,,,,,,,,M2012K11C,2212343,RP49
2026:09:06:16:30:45,13,3,29,DLU-Student-Lib,8e:dc:97:12:62:c7,5500,-79,,,,,,,,,,M2012K11C,2212343,RP49
2026:09:06:16:30:45,13,4,29,DLU-Student-Lib,8e:dc:97:12:62:c6,2452,-75,,,,,,,,,,M2012K11C,2212343,RP49
2026:09:06:16:30:45,13,5,29,DLU-Teacher,88:dc:97:12:65:2b,5805,-52,,,,,,,,,,M2012K11C,2212343,RP49
2026:09:06:16:30:45,13,6,29,DLU-Teacher,88:dc:97:12:65:2a,2417,-44,,,,,,,,,,M2012K11C,2212343,RP49
2026:09:06:16:30:45,13,7,29,DLU-Student-Lib,8e:dc:97:12:62:d0,5805,-63,,,,,,,,,,M2012K11C,2212343,RP49
2026:09:06:16:30:45,13,8,29,DLU-Student-Lib,8e:dc:97:12:65:63,2452,-65,,,,,,,,,,M2012K11C,2212343,RP49
2026:09:06:16:30:45,13,9,29,DLU-Student-Lib,8e:dc:97:12:65:64,5200,-56,,,,,,,,,,M2012K11C,2212343,RP49
2026:09:06:16:30:45,13,10,29,DLU-Teacher,88:dc:97:12:65:58,5280,-73,,,,,,,,,,M2012K11C,2212343,RP49
2026:09:06:16:30:45,13,11,29,DLU-Student-Lib,8e:dc:97:12:64:c4,2452,-85,,,,,,,,,,M2012K11C,2212343,RP49
2026:09:06:16:30:45,13,12,29,DLU-Teacher,88:dc:97:12:65:64,5200,-55,,,,,,,,,,M2012K11C,2212343,RP49
2026:09:06:16:30:45,13,13,29,DLU-Teacher,88:dc:97:12:65:63,2452,-67,,,,,,,,,,M2012K11C,2212343,RP49
2026:09:06:16:30:45,13,14,29,DLU-Student-Lib,8e:dc:97:12:65:2b,5805,-53,,,,,,,,,,M2012K11C,2212343,RP49
2026:09:06:16:30:45,13,15,29,DLU-Teacher,88:dc:97:12:62:c6,2452,-73,,,,,,,,,,M2012K11C,2212343,RP49
2026:09:06:16:30:45,13,16,29,DLU-Teacher,88:dc:97:12:62:c7,5500,-79,,,,,,,,,,M2012K11C,2212343,RP49
2026:09:06:16:30:45,13,17,29,DLU-Student-Lib,8e:dc:97:12:64:82,2432,-69,,,,,,,,,,M2012K11C,2212343,RP49
2026:09:06:16:30:45,13,18,29,DLU-Student-HTTV,8e:dc:97:12:65:54,2427,-88,,,,,,,,,,M2012K11C,2212343,RP49
2026:09:06:16:30:45,13,19,29,DLU-Student-Lib,8e:dc:97:12:65:58,5280,-73,,,,,,,,,,M2012K11C,2212343,RP49
2026:09:06:16:30:45,13,20,29,DLU-Teacher,88:dc:97:12:62:cf,2412,-55,,,,,,,,,,M2012K11C,2212343,RP49
2026:09:06:16:30:45,13,21,29,DLU-Student-Lib,8e:dc:97:12:65:21,2412,-61,,,,,,,,,,M2012K11C,2212343,RP49
2026:09:06:16:30:45,13,22,29,DLU-Student-Lib,8e:dc:97:12:62:cf,2412,-54,,,,,,,,,,M2012K11C,2212343,RP49
2026:09:06:16:30:45,13,23,29,1.Free Wi-MESH,b4:5d:50:d7:e9:51,5220,-65,,,,,,,,,,M2012K11C,2212343,RP49
2026:09:06:16:30:45,13,24,29,DLU - WIMESH,b4:5d:50:d7:e9:50,5220,-65,,,,,,,,,,M2012K11C,2212343,RP49
2026:09:06:16:30:45,13,25,29,DLU-Student-Lib,8e:dc:97:12:65:22,5765,-66,,,,,,,,,,M2012K11C,2212343,RP49
2026:09:06:16:30:45,13,26,29,DLU-Teacher,88:dc:97:12:62:d0,5805,-63,,,,,,,,,,M2012K11C,2212343,RP49
2026:09:06:16:30:45,13,27,29,DLU-Student-Lib,8e:dc:97:12:65:2a,2417,-44,,,,,,,,,,M2012K11C,2212343,RP49
2026:09:06:16:30:45,13,28,29,DLU-Teacher,88:dc:97:12:65:22,5765,-66,,,,,,,,,,M2012K11C,2212343,RP49
2026:09:06:16:30:45,13,29,29,DLU-Teacher,88:dc:97:12:65:21,2412,-59,,,,,,,,,,M2012K11C,2212343,RP49
2026:09:06:16:31:37,14,1,36,DLU-Teacher,88:dc:97:12:65:57,2412,-68,,,,,,,,,,M2012K11C,2212343,RP49
2026:09:06:16:31:37,14,2,36,DLU-Teacher,88:dc:97:12:64:82,2432,-72,,,,,,,,,,M2012K11C,2212343,RP49
2026:09:06:16:31:37,14,3,36,DLU-Teacher,88:dc:97:12:64:83,5300,-81,,,,,,,,,,M2012K11C,2212343,RP49
2026:09:06:16:31:37,14,4,36,DLU-Student-Lib,8e:dc:97:12:62:c7,5500,-80,,,,,,,,,,M2012K11C,2212343,RP49
2026:09:06:16:31:37,14,5,36,DLU-Student-Lib,8e:dc:97:12:62:c6,2452,-77,,,,,,,,,,M2012K11C,2212343,RP49
2026:09:06:16:31:37,14,6,36,DLU-Teacher,88:dc:97:12:65:2b,5805,-53,,,,,,,,,,M2012K11C,2212343,RP49
2026:09:06:16:31:37,14,7,36,DLU-Teacher,88:dc:97:12:65:2a,2417,-53,,,,,,,,,,M2012K11C,2212343,RP49
2026:09:06:16:31:37,14,8,36,DLU-Student-Lib,8e:dc:97:12:62:d0,5805,-68,,,,,,,,,,M2012K11C,2212343,RP49
2026:09:06:16:31:37,14,9,36,DLU-Student-Lib,8e:dc:97:12:65:63,2452,-64,,,,,,,,,,M2012K11C,2212343,RP49
2026:09:06:16:31:37,14,10,36,DLU-Student-Lib,8e:dc:97:12:65:64,5200,-58,,,,,,,,,,M2012K11C,2212343,RP49
2026:09:06:16:31:37,14,11,36,DLU-Teacher,88:dc:97:12:64:c4,2452,-88,,,,,,,,,,M2012K11C,2212343,RP49
2026:09:06:16:31:37,14,12,36,DLU-Teacher,88:dc:97:12:65:58,5280,-80,,,,,,,,,,M2012K11C,2212343,RP49
2026:09:06:16:31:37,14,13,36,DLU-Student-Lib,8e:dc:97:12:64:c4,2452,-85,,,,,,,,,,M2012K11C,2212343,RP49
2026:09:06:16:31:37,14,14,36,DLU-Teacher,88:dc:97:12:65:64,5200,-58,,,,,,,,,,M2012K11C,2212343,RP49
2026:09:06:16:31:37,14,15,36,DLU-Teacher,88:dc:97:12:65:63,2452,-64,,,,,,,,,,M2012K11C,2212343,RP49
2026:09:06:16:31:37,14,16,36,DLU-Student-Lib,8e:dc:97:12:65:2b,5805,-55,,,,,,,,,,M2012K11C,2212343,RP49
2026:09:06:16:31:37,14,17,36,DLU-Teacher,88:dc:97:12:62:c6,2452,-75,,,,,,,,,,M2012K11C,2212343,RP49
2026:09:06:16:31:37,14,18,36,DLU-Teacher,88:dc:97:12:62:c7,5500,-79,,,,,,,,,,M2012K11C,2212343,RP49
2026:09:06:16:31:37,14,19,36,DLU-Student-Lib,8e:dc:97:12:64:82,2432,-73,,,,,,,,,,M2012K11C,2212343,RP49
2026:09:06:16:31:37,14,20,36,DLU-Student-Lib,8e:dc:97:12:64:83,5300,-81,,,,,,,,,,M2012K11C,2212343,RP49
2026:09:06:16:31:37,14,21,36,DLU-Student-HTTV,8e:dc:97:12:65:54,2427,-81,,,,,,,,,,M2012K11C,2212343,RP49
2026:09:06:16:31:37,14,22,36,DLU-Student-Lib,8e:dc:97:12:65:58,5280,-81,,,,,,,,,,M2012K11C,2212343,RP49
2026:09:06:16:31:37,14,23,36,DLU-Student-Lib,8e:dc:97:12:65:57,2412,-69,,,,,,,,,,M2012K11C,2212343,RP49
2026:09:06:16:31:37,14,24,36,DLU-Teacher,88:dc:97:12:62:cf,2412,-56,,,,,,,,,,M2012K11C,2212343,RP49
2026:09:06:16:31:37,14,25,36,DLU-Student-Lib,8e:dc:97:12:62:cf,2412,-57,,,,,,,,,,M2012K11C,2212343,RP49
2026:09:06:16:31:37,14,26,36,1.Free Wi-MESH,b4:5d:50:d7:e9:51,5220,-66,,,,,,,,,,M2012K11C,2212343,RP49
2026:09:06:16:31:37,14,27,36,DLU - WIMESH,b4:5d:50:d7:e9:50,5220,-66,,,,,,,,,,M2012K11C,2212343,RP49
2026:09:06:16:31:37,14,28,36,DLU-Student-Lib,8e:dc:97:12:65:22,5765,-71,,,,,,,,,,M2012K11C,2212343,RP49
2026:09:06:16:31:37,14,29,36,DLU-Student-HTTV,8e:dc:97:12:63:00,5240,-87,,,,,,,,,,M2012K11C,2212343,RP49
2026:09:06:16:31:37,14,30,36,DLU-Teacher,88:dc:97:12:62:d0,5805,-68,,,,,,,,,,M2012K11C,2212343,RP49
2026:09:06:16:31:37,14,31,36,DLU - WIMESH,b4:5d:50:d7:e9:40,2462,-72,,,,,,,,,,M2012K11C,2212343,RP49
2026:09:06:16:31:37,14,32,36,DLU-Student-Lib,8e:dc:97:12:65:2a,2417,-53,,,,,,,,,,M2012K11C,2212343,RP49
2026:09:06:16:31:37,14,33,36,DLU-Teacher,88:dc:97:12:65:22,5765,-71,,,,,,,,,,M2012K11C,2212343,RP49
2026:09:06:16:31:37,14,34,36,DLU-Teacher,88:dc:97:12:65:21,2412,-68,,,,,,,,,,M2012K11C,2212343,RP49
2026:09:06:16:31:37,14,35,36,DLU-Teacher,88:dc:97:12:63:00,5240,-86,,,,,,,,,,M2012K11C,2212343,RP49
2026:09:06:16:31:37,14,36,36,1.Free Wi-MESH,b4:5d:50:d7:e9:41,2462,-72,,,,,,,,,,M2012K11C,2212343,RP49
2026:09:06:16:32:28,15,1,32,DLU-Teacher,88:dc:97:12:64:82,2432,-70,,,,,,,,,,M2012K11C,2212343,RP49
2026:09:06:16:32:28,15,2,32,DLU-Teacher,88:dc:97:12:64:83,5300,-79,,,,,,,,,,M2012K11C,2212343,RP49
2026:09:06:16:32:28,15,3,32,DLU-Student-Lib,8e:dc:97:12:62:c7,5500,-78,,,,,,,,,,M2012K11C,2212343,RP49
2026:09:06:16:32:28,15,4,32,DLU-Student-Lib,8e:dc:97:12:62:c6,2452,-70,,,,,,,,,,M2012K11C,2212343,RP49
2026:09:06:16:32:28,15,5,32,DLU-Teacher,88:dc:97:12:65:2b,5805,-53,,,,,,,,,,M2012K11C,2212343,RP49
2026:09:06:16:32:28,15,6,32,DLU-Teacher,88:dc:97:12:65:2a,2417,-44,,,,,,,,,,M2012K11C,2212343,RP49
2026:09:06:16:32:28,15,7,32,DLU-Student-Lib,8e:dc:97:12:62:d0,5805,-62,,,,,,,,,,M2012K11C,2212343,RP49
2026:09:06:16:32:28,15,8,32,DLU-Student-Lib,8e:dc:97:12:65:63,2452,-65,,,,,,,,,,M2012K11C,2212343,RP49
2026:09:06:16:32:28,15,9,32,DLU-Student-Lib,8e:dc:97:12:65:64,5200,-56,,,,,,,,,,M2012K11C,2212343,RP49
2026:09:06:16:32:28,15,10,32,DLU-Teacher,88:dc:97:12:65:58,5280,-73,,,,,,,,,,M2012K11C,2212343,RP49
2026:09:06:16:32:28,15,11,32,DLU-Teacher,88:dc:97:12:65:64,5200,-56,,,,,,,,,,M2012K11C,2212343,RP49
2026:09:06:16:32:28,15,12,32,DLU-Teacher,88:dc:97:12:65:63,2452,-65,,,,,,,,,,M2012K11C,2212343,RP49
2026:09:06:16:32:28,15,13,32,DLU-Student-Lib,8e:dc:97:12:65:2b,5805,-53,,,,,,,,,,M2012K11C,2212343,RP49
2026:09:06:16:32:28,15,14,32,DLU-Teacher,88:dc:97:12:62:c6,2452,-72,,,,,,,,,,M2012K11C,2212343,RP49
2026:09:06:16:32:28,15,15,32,DLU-Teacher,88:dc:97:12:62:c7,5500,-78,,,,,,,,,,M2012K11C,2212343,RP49
2026:09:06:16:32:28,15,16,32,DLU-Student-Lib,8e:dc:97:12:64:82,2432,-70,,,,,,,,,,M2012K11C,2212343,RP49
2026:09:06:16:32:28,15,17,32,DLU-Student-Lib,8e:dc:97:12:64:83,5300,-80,,,,,,,,,,M2012K11C,2212343,RP49
2026:09:06:16:32:28,15,18,32,DLU-Student-Lib,8e:dc:97:12:65:58,5280,-73,,,,,,,,,,M2012K11C,2212343,RP49
2026:09:06:16:32:28,15,19,32,Bảo Uyên xinh gái 💗,9a:05:22:19:3f:0e,2437,-86,,,,,,,,,,M2012K11C,2212343,RP49
2026:09:06:16:32:28,15,20,32,iPhone (8),b6:40:69:6b:ac:74,2462,-73,,,,,,,,,,M2012K11C,2212343,RP49
2026:09:06:16:32:28,15,21,32,DLU-Teacher,88:dc:97:12:62:cf,2412,-53,,,,,,,,,,M2012K11C,2212343,RP49
2026:09:06:16:32:28,15,22,32,DLU-Student-Lib,8e:dc:97:12:65:21,2412,-60,,,,,,,,,,M2012K11C,2212343,RP49
2026:09:06:16:32:28,15,23,32,DLU-Student-Lib,8e:dc:97:12:62:cf,2412,-55,,,,,,,,,,M2012K11C,2212343,RP49
2026:09:06:16:32:28,15,24,32,1.Free Wi-MESH,b4:5d:50:d7:e9:51,5220,-65,,,,,,,,,,M2012K11C,2212343,RP49
2026:09:06:16:32:28,15,25,32,DLU - WIMESH,b4:5d:50:d7:e9:50,5220,-65,,,,,,,,,,M2012K11C,2212343,RP49
2026:09:06:16:32:28,15,26,32,DLU-Student-Lib,8e:dc:97:12:65:22,5765,-66,,,,,,,,,,M2012K11C,2212343,RP49
2026:09:06:16:32:28,15,27,32,DLU-Student-HTTV,8e:dc:97:12:63:00,5240,-88,,,,,,,,,,M2012K11C,2212343,RP49
2026:09:06:16:32:28,15,28,32,DLU-Teacher,88:dc:97:12:62:d0,5805,-61,,,,,,,,,,M2012K11C,2212343,RP49
2026:09:06:16:32:28,15,29,32,DLU-Student-Lib,8e:dc:97:12:65:2a,2417,-44,,,,,,,,,,M2012K11C,2212343,RP49
2026:09:06:16:32:28,15,30,32,DLU-Teacher,88:dc:97:12:65:22,5765,-66,,,,,,,,,,M2012K11C,2212343,RP49
2026:09:06:16:32:28,15,31,32,DLU-Teacher,88:dc:97:12:65:21,2412,-60,,,,,,,,,,M2012K11C,2212343,RP49
2026:09:06:16:32:28,15,32,32,DLU-Teacher,88:dc:97:12:63:00,5240,-88,,,,,,,,,,M2012K11C,2212343,RP49
2026:09:06:16:33:19,16,1,35,DLU-Teacher,88:dc:97:12:65:54,2427,-79,,,,,,,,,,M2012K11C,2212343,RP49
2026:09:06:16:33:19,16,2,35,DLU-Teacher,88:dc:97:12:65:57,2412,-59,,,,,,,,,,M2012K11C,2212343,RP49
2026:09:06:16:33:19,16,3,35,DLU-Teacher,88:dc:97:12:64:82,2432,-67,,,,,,,,,,M2012K11C,2212343,RP49
2026:09:06:16:33:19,16,4,35,DLU-Teacher,88:dc:97:12:64:83,5300,-80,,,,,,,,,,M2012K11C,2212343,RP49
2026:09:06:16:33:19,16,5,35,DLU-Student-Lib,8e:dc:97:12:62:c6,2452,-69,,,,,,,,,,M2012K11C,2212343,RP49
2026:09:06:16:33:19,16,6,35,DLU-Teacher,88:dc:97:12:65:2b,5805,-54,,,,,,,,,,M2012K11C,2212343,RP49
2026:09:06:16:33:19,16,7,35,DLU-Teacher,88:dc:97:12:65:2a,2417,-44,,,,,,,,,,M2012K11C,2212343,RP49
2026:09:06:16:33:19,16,8,35,DLU-Student-Lib,8e:dc:97:12:62:d0,5805,-61,,,,,,,,,,M2012K11C,2212343,RP49
2026:09:06:16:33:19,16,9,35,DLU-Student-Lib,8e:dc:97:12:65:63,2452,-66,,,,,,,,,,M2012K11C,2212343,RP49
2026:09:06:16:33:19,16,10,35,DLU-Student-Lib,8e:dc:97:12:65:64,5200,-56,,,,,,,,,,M2012K11C,2212343,RP49
2026:09:06:16:33:19,16,11,35,DLU-Teacher,88:dc:97:12:62:ff,2457,-80,,,,,,,,,,M2012K11C,2212343,RP49
2026:09:06:16:33:19,16,12,35,DLU-Teacher,88:dc:97:12:65:58,5280,-73,,,,,,,,,,M2012K11C,2212343,RP49
2026:09:06:16:33:19,16,13,35,DLU-Teacher,88:dc:97:12:65:64,5200,-56,,,,,,,,,,M2012K11C,2212343,RP49
2026:09:06:16:33:19,16,14,35,DLU-Teacher,88:dc:97:12:65:63,2452,-67,,,,,,,,,,M2012K11C,2212343,RP49
2026:09:06:16:33:19,16,15,35,DLU-Student-Lib,8e:dc:97:12:65:2b,5805,-55,,,,,,,,,,M2012K11C,2212343,RP49
2026:09:06:16:33:19,16,16,35,DLU-Teacher,88:dc:97:12:62:c6,2452,-71,,,,,,,,,,M2012K11C,2212343,RP49
2026:09:06:16:33:19,16,17,35,DLU-Student-Lib,8e:dc:97:12:64:82,2432,-69,,,,,,,,,,M2012K11C,2212343,RP49
2026:09:06:16:33:19,16,18,35,DLU-Student-Lib,8e:dc:97:12:64:83,5300,-79,,,,,,,,,,M2012K11C,2212343,RP49
2026:09:06:16:33:19,16,19,35,DLU-Student-HTTV,8e:dc:97:12:65:54,2427,-78,,,,,,,,,,M2012K11C,2212343,RP49
2026:09:06:16:33:19,16,20,35,DLU-Student-Lib,8e:dc:97:12:65:58,5280,-73,,,,,,,,,,M2012K11C,2212343,RP49
2026:09:06:16:33:19,16,21,35,DLU-Student-Lib,8e:dc:97:12:65:57,2412,-60,,,,,,,,,,M2012K11C,2212343,RP49
2026:09:06:16:33:19,16,22,35,iPhone (8),b6:40:69:6b:ac:74,2462,-72,,,,,,,,,,M2012K11C,2212343,RP49
2026:09:06:16:33:19,16,23,35,DLU-Teacher,88:dc:97:12:62:cf,2412,-54,,,,,,,,,,M2012K11C,2212343,RP49
2026:09:06:16:33:19,16,24,35,DLU-Student-Lib,8e:dc:97:12:65:21,2412,-58,,,,,,,,,,M2012K11C,2212343,RP49
2026:09:06:16:33:19,16,25,35,DLU-Student-Lib,8e:dc:97:12:62:cf,2412,-52,,,,,,,,,,M2012K11C,2212343,RP49
2026:09:06:16:33:19,16,26,35,1.Free Wi-MESH,b4:5d:50:d7:e9:51,5220,-65,,,,,,,,,,M2012K11C,2212343,RP49
2026:09:06:16:33:19,16,27,35,DLU - WIMESH,b4:5d:50:d7:e9:50,5220,-66,,,,,,,,,,M2012K11C,2212343,RP49
2026:09:06:16:33:19,16,28,35,DLU-Student-Lib,8e:dc:97:12:65:22,5765,-66,,,,,,,,,,M2012K11C,2212343,RP49
2026:09:06:16:33:19,16,29,35,DLU-Student-HTTV,8e:dc:97:12:63:00,5240,-87,,,,,,,,,,M2012K11C,2212343,RP49
2026:09:06:16:33:19,16,30,35,DLU-Teacher,88:dc:97:12:62:d0,5805,-62,,,,,,,,,,M2012K11C,2212343,RP49
2026:09:06:16:33:19,16,31,35,DLU - WIMESH,b4:5d:50:d7:e9:40,2462,-76,,,,,,,,,,M2012K11C,2212343,RP49
2026:09:06:16:33:19,16,32,35,DLU-Student-Lib,8e:dc:97:12:65:2a,2417,-41,,,,,,,,,,M2012K11C,2212343,RP49
2026:09:06:16:33:19,16,33,35,DLU-Teacher,88:dc:97:12:65:22,5765,-66,,,,,,,,,,M2012K11C,2212343,RP49
2026:09:06:16:33:19,16,34,35,DLU-Teacher,88:dc:97:12:65:21,2412,-61,,,,,,,,,,M2012K11C,2212343,RP49
2026:09:06:16:33:19,16,35,35,DLU-Teacher,88:dc:97:12:63:00,5240,-88,,,,,,,,,,M2012K11C,2212343,RP49
2026:09:06:16:34:10,17,1,36,DLU-Teacher,88:dc:97:12:65:55,5260,-89,,,,,,,,,,M2012K11C,2212343,RP49
2026:09:06:16:34:10,17,2,36,DLU-Teacher,88:dc:97:12:65:57,2412,-59,,,,,,,,,,M2012K11C,2212343,RP49
2026:09:06:16:34:10,17,3,36,DLU-Teacher,88:dc:97:12:64:82,2432,-69,,,,,,,,,,M2012K11C,2212343,RP49
2026:09:06:16:34:10,17,4,36,DLU-Teacher,88:dc:97:12:64:83,5300,-80,,,,,,,,,,M2012K11C,2212343,RP49
2026:09:06:16:34:10,17,5,36,DLU-Student-Lib,8e:dc:97:12:62:c7,5500,-78,,,,,,,,,,M2012K11C,2212343,RP49
2026:09:06:16:34:10,17,6,36,DLU-Teacher,88:dc:97:12:65:2b,5805,-54,,,,,,,,,,M2012K11C,2212343,RP49
2026:09:06:16:34:10,17,7,36,DLU-Teacher,88:dc:97:12:65:2a,2417,-45,,,,,,,,,,M2012K11C,2212343,RP49
2026:09:06:16:34:10,17,8,36,DLU-Student-Lib,8e:dc:97:12:62:d0,5805,-62,,,,,,,,,,M2012K11C,2212343,RP49
2026:09:06:16:34:10,17,9,36,DLU-Student-Lib,8e:dc:97:12:65:63,2452,-65,,,,,,,,,,M2012K11C,2212343,RP49
2026:09:06:16:34:10,17,10,36,DLU-Student-Lib,8e:dc:97:12:65:64,5200,-56,,,,,,,,,,M2012K11C,2212343,RP49
2026:09:06:16:34:10,17,11,36,DLU-Teacher,88:dc:97:12:65:58,5280,-73,,,,,,,,,,M2012K11C,2212343,RP49
2026:09:06:16:34:10,17,12,36,DLU-Teacher,88:dc:97:12:65:64,5200,-56,,,,,,,,,,M2012K11C,2212343,RP49
2026:09:06:16:34:10,17,13,36,DLU-Teacher,88:dc:97:12:65:63,2452,-65,,,,,,,,,,M2012K11C,2212343,RP49
2026:09:06:16:34:10,17,14,36,DLU-Student-Lib,8e:dc:97:12:65:2b,5805,-54,,,,,,,,,,M2012K11C,2212343,RP49
2026:09:06:16:34:10,17,15,36,DLU-Teacher,88:dc:97:12:62:c7,5500,-78,,,,,,,,,,M2012K11C,2212343,RP49
2026:09:06:16:34:10,17,16,36,DLU-Student-Lib,8e:dc:97:12:64:82,2432,-69,,,,,,,,,,M2012K11C,2212343,RP49
2026:09:06:16:34:10,17,17,36,DLU-Student-Lib,8e:dc:97:12:64:83,5300,-80,,,,,,,,,,M2012K11C,2212343,RP49
2026:09:06:16:34:10,17,18,36,DLU-Student-HTTV,8e:dc:97:12:65:54,2427,-87,,,,,,,,,,M2012K11C,2212343,RP49
2026:09:06:16:34:10,17,19,36,DLU-Student-HTTV,8e:dc:97:12:62:ff,2457,-74,,,,,,,,,,M2012K11C,2212343,RP49
2026:09:06:16:34:10,17,20,36,DLU-Student-Lib,8e:dc:97:12:65:58,5280,-73,,,,,,,,,,M2012K11C,2212343,RP49
2026:09:06:16:34:10,17,21,36,DLU-Student-Lib,8e:dc:97:12:65:57,2412,-58,,,,,,,,,,M2012K11C,2212343,RP49
2026:09:06:16:34:10,17,22,36,iPhone (8),b6:40:69:6b:ac:74,2462,-72,,,,,,,,,,M2012K11C,2212343,RP49
2026:09:06:16:34:10,17,23,36,DLU-Teacher,88:dc:97:12:62:cf,2412,-55,,,,,,,,,,M2012K11C,2212343,RP49
2026:09:06:16:34:10,17,24,36,DLU-Student-Lib,8e:dc:97:12:65:21,2412,-60,,,,,,,,,,M2012K11C,2212343,RP49
2026:09:06:16:34:10,17,25,36,DLU-Student-Lib,8e:dc:97:12:62:cf,2412,-55,,,,,,,,,,M2012K11C,2212343,RP49
2026:09:06:16:34:10,17,26,36,1.Free Wi-MESH,b4:5d:50:d7:e9:51,5220,-65,,,,,,,,,,M2012K11C,2212343,RP49
2026:09:06:16:34:10,17,27,36,DLU - WIMESH,b4:5d:50:d7:e9:50,5220,-65,,,,,,,,,,M2012K11C,2212343,RP49
2026:09:06:16:34:10,17,28,36,DLU-Student-Lib,8e:dc:97:12:65:22,5765,-65,,,,,,,,,,M2012K11C,2212343,RP49
2026:09:06:16:34:10,17,29,36,DLU-Student-HTTV,8e:dc:97:12:63:00,5240,-88,,,,,,,,,,M2012K11C,2212343,RP49
2026:09:06:16:34:10,17,30,36,DLU-Teacher,88:dc:97:12:62:d0,5805,-62,,,,,,,,,,M2012K11C,2212343,RP49
2026:09:06:16:34:10,17,31,36,DLU - WIMESH,b4:5d:50:d7:e9:40,2462,-75,,,,,,,,,,M2012K11C,2212343,RP49
2026:09:06:16:34:10,17,32,36,DLU-Student-Lib,8e:dc:97:12:65:2a,2417,-45,,,,,,,,,,M2012K11C,2212343,RP49
2026:09:06:16:34:10,17,33,36,DLU-Teacher,88:dc:97:12:65:22,5765,-66,,,,,,,,,,M2012K11C,2212343,RP49
2026:09:06:16:34:10,17,34,36,DLU-Teacher,88:dc:97:12:65:21,2412,-60,,,,,,,,,,M2012K11C,2212343,RP49
2026:09:06:16:34:10,17,35,36,DLU-Teacher,88:dc:97:12:63:00,5240,-88,,,,,,,,,,M2012K11C,2212343,RP49
2026:09:06:16:34:10,17,36,36,1.Free Wi-MESH,b4:5d:50:d7:e9:41,2462,-73,,,,,,,,,,M2012K11C,2212343,RP49
2026:09:06:16:35:01,18,1,32,DLU-Teacher,88:dc:97:12:65:57,2412,-60,,,,,,,,,,M2012K11C,2212343,RP49
2026:09:06:16:35:01,18,2,32,DLU-Teacher,88:dc:97:12:64:82,2432,-69,,,,,,,,,,M2012K11C,2212343,RP49
2026:09:06:16:35:01,18,3,32,DLU-Teacher,88:dc:97:12:64:83,5300,-80,,,,,,,,,,M2012K11C,2212343,RP49
2026:09:06:16:35:01,18,4,32,DLU-Student-Lib,8e:dc:97:12:62:c7,5500,-78,,,,,,,,,,M2012K11C,2212343,RP49
2026:09:06:16:35:01,18,5,32,DLU-Student-Lib,8e:dc:97:12:62:c6,2452,-73,,,,,,,,,,M2012K11C,2212343,RP49
2026:09:06:16:35:01,18,6,32,DLU-Teacher,88:dc:97:12:65:2b,5805,-53,,,,,,,,,,M2012K11C,2212343,RP49
2026:09:06:16:35:01,18,7,32,DLU-Teacher,88:dc:97:12:65:2a,2417,-43,,,,,,,,,,M2012K11C,2212343,RP49
2026:09:06:16:35:01,18,8,32,DLU-Student-Lib,8e:dc:97:12:62:d0,5805,-62,,,,,,,,,,M2012K11C,2212343,RP49
2026:09:06:16:35:01,18,9,32,DLU-Student-Lib,8e:dc:97:12:65:63,2452,-66,,,,,,,,,,M2012K11C,2212343,RP49
2026:09:06:16:35:01,18,10,32,DLU-Student-Lib,8e:dc:97:12:65:64,5200,-57,,,,,,,,,,M2012K11C,2212343,RP49
2026:09:06:16:35:01,18,11,32,DLU-Teacher,88:dc:97:12:65:58,5280,-73,,,,,,,,,,M2012K11C,2212343,RP49
2026:09:06:16:35:01,18,12,32,DLU-Teacher,88:dc:97:12:65:64,5200,-57,,,,,,,,,,M2012K11C,2212343,RP49
2026:09:06:16:35:01,18,13,32,DLU-Teacher,88:dc:97:12:65:63,2452,-65,,,,,,,,,,M2012K11C,2212343,RP49
2026:09:06:16:35:01,18,14,32,Khoi Nghiep Dalat,7c:7b:68:f4:d6:70,2442,-84,,,,,,,,,,M2012K11C,2212343,RP49
2026:09:06:16:35:01,18,15,32,DLU-Student-Lib,8e:dc:97:12:65:2b,5805,-54,,,,,,,,,,M2012K11C,2212343,RP49
2026:09:06:16:35:01,18,16,32,DLU-Teacher,88:dc:97:12:62:c6,2452,-73,,,,,,,,,,M2012K11C,2212343,RP49
2026:09:06:16:35:01,18,17,32,DLU-Teacher,88:dc:97:12:62:c7,5500,-78,,,,,,,,,,M2012K11C,2212343,RP49
2026:09:06:16:35:01,18,18,32,DLU-Student-Lib,8e:dc:97:12:64:82,2432,-68,,,,,,,,,,M2012K11C,2212343,RP49
2026:09:06:16:35:01,18,19,32,DLU-Student-Lib,8e:dc:97:12:64:83,5300,-80,,,,,,,,,,M2012K11C,2212343,RP49
2026:09:06:16:35:01,18,20,32,DLU-Student-HTTV,8e:dc:97:12:65:55,5260,-92,,,,,,,,,,M2012K11C,2212343,RP49
2026:09:06:16:35:01,18,21,32,DLU-Student-Lib,8e:dc:97:12:65:58,5280,-72,,,,,,,,,,M2012K11C,2212343,RP49
2026:09:06:16:35:01,18,22,32,DLU-Student-Lib,8e:dc:97:12:65:57,2412,-58,,,,,,,,,,M2012K11C,2212343,RP49
2026:09:06:16:35:01,18,23,32,DLU-Teacher,88:dc:97:12:62:cf,2412,-57,,,,,,,,,,M2012K11C,2212343,RP49
2026:09:06:16:35:01,18,24,32,DLU-Student-Lib,8e:dc:97:12:65:21,2412,-61,,,,,,,,,,M2012K11C,2212343,RP49
2026:09:06:16:35:01,18,25,32,DLU-Student-Lib,8e:dc:97:12:62:cf,2412,-56,,,,,,,,,,M2012K11C,2212343,RP49
2026:09:06:16:35:01,18,26,32,1.Free Wi-MESH,b4:5d:50:d7:e9:51,5220,-65,,,,,,,,,,M2012K11C,2212343,RP49
2026:09:06:16:35:01,18,27,32,DLU - WIMESH,b4:5d:50:d7:e9:50,5220,-64,,,,,,,,,,M2012K11C,2212343,RP49
2026:09:06:16:35:01,18,28,32,DLU-Student-HTTV,8e:dc:97:12:63:00,5240,-88,,,,,,,,,,M2012K11C,2212343,RP49
2026:09:06:16:35:01,18,29,32,DLU-Teacher,88:dc:97:12:62:d0,5805,-62,,,,,,,,,,M2012K11C,2212343,RP49
2026:09:06:16:35:01,18,30,32,DLU - WIMESH,b4:5d:50:d7:e9:40,2462,-72,,,,,,,,,,M2012K11C,2212343,RP49
2026:09:06:16:35:01,18,31,32,DLU-Student-Lib,8e:dc:97:12:65:2a,2417,-43,,,,,,,,,,M2012K11C,2212343,RP49
2026:09:06:16:35:01,18,32,32,DLU-Teacher,88:dc:97:12:65:21,2412,-62,,,,,,,,,,M2012K11C,2212343,RP49
2026:09:06:16:35:53,19,1,32,DLU-Teacher,88:dc:97:12:65:57,2412,-61,,,,,,,,,,M2012K11C,2212343,RP49
2026:09:06:16:35:53,19,2,32,DLU-Teacher,88:dc:97:12:64:83,5300,-80,,,,,,,,,,M2012K11C,2212343,RP49
2026:09:06:16:35:53,19,3,32,DLU-Student-Lib,8e:dc:97:12:62:c7,5500,-78,,,,,,,,,,M2012K11C,2212343,RP49
2026:09:06:16:35:53,19,4,32,DLU-Student-Lib,8e:dc:97:12:62:c6,2452,-72,,,,,,,,,,M2012K11C,2212343,RP49
2026:09:06:16:35:53,19,5,32,DLU-Teacher,88:dc:97:12:65:2b,5805,-54,,,,,,,,,,M2012K11C,2212343,RP49
2026:09:06:16:35:53,19,6,32,DLU-Teacher,88:dc:97:12:65:2a,2417,-43,,,,,,,,,,M2012K11C,2212343,RP49
2026:09:06:16:35:53,19,7,32,DLU-Student-Lib,8e:dc:97:12:62:d0,5805,-61,,,,,,,,,,M2012K11C,2212343,RP49
2026:09:06:16:35:53,19,8,32,DLU-Student-Lib,8e:dc:97:12:65:63,2452,-65,,,,,,,,,,M2012K11C,2212343,RP49
2026:09:06:16:35:53,19,9,32,DLU-Student-Lib,8e:dc:97:12:65:64,5200,-56,,,,,,,,,,M2012K11C,2212343,RP49
2026:09:06:16:35:53,19,10,32,DLU-Teacher,88:dc:97:12:64:c4,2452,-84,,,,,,,,,,M2012K11C,2212343,RP49
2026:09:06:16:35:53,19,11,32,DLU-Teacher,88:dc:97:12:65:58,5280,-73,,,,,,,,,,M2012K11C,2212343,RP49
2026:09:06:16:35:53,19,12,32,DLU-Student-Lib,8e:dc:97:12:64:c4,2452,-83,,,,,,,,,,M2012K11C,2212343,RP49
2026:09:06:16:35:53,19,13,32,DLU-Teacher,88:dc:97:12:65:64,5200,-56,,,,,,,,,,M2012K11C,2212343,RP49
2026:09:06:16:35:53,19,14,32,DLU-Teacher,88:dc:97:12:65:63,2452,-66,,,,,,,,,,M2012K11C,2212343,RP49
2026:09:06:16:35:53,19,15,32,Khoi Nghiep Dalat,7c:7b:68:f4:d6:70,2442,-84,,,,,,,,,,M2012K11C,2212343,RP49
2026:09:06:16:35:53,19,16,32,DLU-Student-Lib,8e:dc:97:12:65:2b,5805,-54,,,,,,,,,,M2012K11C,2212343,RP49
2026:09:06:16:35:53,19,17,32,DLU-Teacher,88:dc:97:12:62:c6,2452,-71,,,,,,,,,,M2012K11C,2212343,RP49
2026:09:06:16:35:53,19,18,32,DLU-Teacher,88:dc:97:12:62:c7,5500,-78,,,,,,,,,,M2012K11C,2212343,RP49
2026:09:06:16:35:53,19,19,32,DLU-Student-Lib,8e:dc:97:12:64:83,5300,-79,,,,,,,,,,M2012K11C,2212343,RP49
2026:09:06:16:35:53,19,20,32,DLU-Student-HTTV,8e:dc:97:12:65:55,5260,-90,,,,,,,,,,M2012K11C,2212343,RP49
2026:09:06:16:35:53,19,21,32,DLU-Student-Lib,8e:dc:97:12:65:58,5280,-72,,,,,,,,,,M2012K11C,2212343,RP49
2026:09:06:16:35:53,19,22,32,DLU-Student-Lib,8e:dc:97:12:65:57,2412,-60,,,,,,,,,,M2012K11C,2212343,RP49
2026:09:06:16:35:53,19,23,32,DLU-Teacher,88:dc:97:12:62:cf,2412,-55,,,,,,,,,,M2012K11C,2212343,RP49
2026:09:06:16:35:53,19,24,32,DLU-Student-Lib,8e:dc:97:12:65:21,2412,-60,,,,,,,,,,M2012K11C,2212343,RP49
2026:09:06:16:35:53,19,25,32,1.Free Wi-MESH,b4:5d:50:d7:e9:51,5220,-65,,,,,,,,,,M2012K11C,2212343,RP49
2026:09:06:16:35:53,19,26,32,DLU - WIMESH,b4:5d:50:d7:e9:50,5220,-66,,,,,,,,,,M2012K11C,2212343,RP49
2026:09:06:16:35:53,19,27,32,DLU-Student-Lib,8e:dc:97:12:65:22,5765,-66,,,,,,,,,,M2012K11C,2212343,RP49
2026:09:06:16:35:53,19,28,32,DLU-Teacher,88:dc:97:12:62:d0,5805,-61,,,,,,,,,,M2012K11C,2212343,RP49
2026:09:06:16:35:53,19,29,32,DLU-Student-Lib,8e:dc:97:12:65:2a,2417,-42,,,,,,,,,,M2012K11C,2212343,RP49
2026:09:06:16:35:53,19,30,32,DLU-Teacher,88:dc:97:12:65:22,5765,-67,,,,,,,,,,M2012K11C,2212343,RP49
2026:09:06:16:35:53,19,31,32,DLU-Teacher,88:dc:97:12:65:21,2412,-60,,,,,,,,,,M2012K11C,2212343,RP49
2026:09:06:16:35:53,19,32,32,DLU-Teacher,88:dc:97:12:63:00,5240,-83,,,,,,,,,,M2012K11C,2212343,RP49
2026:09:06:16:36:44,20,1,34,DLU-Teacher,88:dc:97:12:65:57,2412,-71,,,,,,,,,,M2012K11C,2212343,RP49
2026:09:06:16:36:44,20,2,34,DLU-Teacher,88:dc:97:12:64:83,5300,-81,,,,,,,,,,M2012K11C,2212343,RP49
2026:09:06:16:36:44,20,3,34,DLU-Student-Lib,8e:dc:97:12:62:c7,5500,-79,,,,,,,,,,M2012K11C,2212343,RP49
2026:09:06:16:36:44,20,4,34,DLU-Student-Lib,8e:dc:97:12:62:c6,2452,-73,,,,,,,,,,M2012K11C,2212343,RP49
2026:09:06:16:36:44,20,5,34,DLU-Teacher,88:dc:97:12:65:2b,5805,-54,,,,,,,,,,M2012K11C,2212343,RP49
2026:09:06:16:36:44,20,6,34,DLU-Teacher,88:dc:97:12:65:2a,2417,-58,,,,,,,,,,M2012K11C,2212343,RP49
2026:09:06:16:36:44,20,7,34,DLU-Student-Lib,8e:dc:97:12:62:d0,5805,-64,,,,,,,,,,M2012K11C,2212343,RP49
2026:09:06:16:36:44,20,8,34,DLU-Student-Lib,8e:dc:97:12:65:63,2452,-66,,,,,,,,,,M2012K11C,2212343,RP49
2026:09:06:16:36:44,20,9,34,DLU-Student-Lib,8e:dc:97:12:65:64,5200,-55,,,,,,,,,,M2012K11C,2212343,RP49
2026:09:06:16:36:44,20,10,34,DLU-Teacher,88:dc:97:12:64:c4,2452,-84,,,,,,,,,,M2012K11C,2212343,RP49
2026:09:06:16:36:44,20,11,34,DLU-Teacher,88:dc:97:12:65:58,5280,-82,,,,,,,,,,M2012K11C,2212343,RP49
2026:09:06:16:36:44,20,12,34,DLU-Teacher,88:dc:97:12:65:64,5200,-55,,,,,,,,,,M2012K11C,2212343,RP49
2026:09:06:16:36:44,20,13,34,DLU-Teacher,88:dc:97:12:65:63,2452,-67,,,,,,,,,,M2012K11C,2212343,RP49
2026:09:06:16:36:44,20,14,34,DLU-Student-Lib,8e:dc:97:12:65:2b,5805,-54,,,,,,,,,,M2012K11C,2212343,RP49
2026:09:06:16:36:44,20,15,34,DLU-Teacher,88:dc:97:12:62:c6,2452,-73,,,,,,,,,,M2012K11C,2212343,RP49
2026:09:06:16:36:44,20,16,34,DLU-Teacher,88:dc:97:12:62:c7,5500,-78,,,,,,,,,,M2012K11C,2212343,RP49
2026:09:06:16:36:44,20,17,34,DLU-Student-Lib,8e:dc:97:12:64:83,5300,-80,,,,,,,,,,M2012K11C,2212343,RP49
2026:09:06:16:36:44,20,18,34,DLU-Student-Lib,8e:dc:97:12:65:58,5280,-82,,,,,,,,,,M2012K11C,2212343,RP49
2026:09:06:16:36:44,20,19,34,DLU-Student-Lib,8e:dc:97:12:65:57,2412,-72,,,,,,,,,,M2012K11C,2212343,RP49
2026:09:06:16:36:44,20,20,34,iPhone (8),b6:40:69:6b:ac:74,2462,-78,,,,,,,,,,M2012K11C,2212343,RP49
2026:09:06:16:36:44,20,21,34,DLU-Teacher,88:dc:97:12:62:cf,2412,-58,,,,,,,,,,M2012K11C,2212343,RP49
2026:09:06:16:36:44,20,22,34,DLU-Student-Lib,8e:dc:97:12:65:21,2412,-61,,,,,,,,,,M2012K11C,2212343,RP49
2026:09:06:16:36:44,20,23,34,DLU-Student-Lib,8e:dc:97:12:62:cf,2412,-56,,,,,,,,,,M2012K11C,2212343,RP49
2026:09:06:16:36:44,20,24,34,1.Free Wi-MESH,b4:5d:50:d7:e9:51,5220,-64,,,,,,,,,,M2012K11C,2212343,RP49
2026:09:06:16:36:44,20,25,34,DLU - WIMESH,b4:5d:50:d7:e9:50,5220,-65,,,,,,,,,,M2012K11C,2212343,RP49
2026:09:06:16:36:44,20,26,34,DLU-Student-Lib,8e:dc:97:12:65:22,5765,-72,,,,,,,,,,M2012K11C,2212343,RP49
2026:09:06:16:36:44,20,27,34,DLU-Student-HTTV,8e:dc:97:12:63:00,5240,-89,,,,,,,,,,M2012K11C,2212343,RP49
2026:09:06:16:36:44,20,28,34,DLU-Teacher,88:dc:97:12:62:d0,5805,-65,,,,,,,,,,M2012K11C,2212343,RP49
2026:09:06:16:36:44,20,29,34,DLU - WIMESH,b4:5d:50:d7:e9:40,2462,-73,,,,,,,,,,M2012K11C,2212343,RP49
2026:09:06:16:36:44,20,30,34,DLU-Student-Lib,8e:dc:97:12:65:2a,2417,-58,,,,,,,,,,M2012K11C,2212343,RP49
2026:09:06:16:36:44,20,31,34,DLU-Teacher,88:dc:97:12:65:22,5765,-71,,,,,,,,,,M2012K11C,2212343,RP49
2026:09:06:16:36:44,20,32,34,DLU-Teacher,88:dc:97:12:65:21,2412,-61,,,,,,,,,,M2012K11C,2212343,RP49
2026:09:06:16:36:44,20,33,34,DLU-Teacher,88:dc:97:12:63:00,5240,-88,,,,,,,,,,M2012K11C,2212343,RP49
2026:09:06:16:36:44,20,34,34,1.Free Wi-MESH,b4:5d:50:d7:e9:41,2462,-72,,,,,,,,,,M2012K11C,2212343,RP49
