,ty_le_xuat_hien
18:64:72:55:12:81,0.0
88:dc:97:12:64:4c,0.0
8e:dc:97:12:5f:c9,0.0
94:b4:0f:e2:97:71,0.0
d6:bb:c8:ce:9a:87,0.0
94:b4:0f:e3:05:51,0.0
94:b4:0f:e2:97:70,0.0
18:64:72:55:12:80,0.00045351473922902497
8e:dc:97:12:64:4c,0.00045351473922902497
8e:dc:97:12:5f:cc,0.00045351473922902497
74:ac:b9:ba:a6:bd,0.00045351473922902497
9c:2b:a6:db:c8:3a,0.00045351473922902497
46:de:2a:d2:4c:87,0.00045351473922902497
76:92:56:0d:7e:c2,0.00045351473922902497
1a:9a:7a:c3:cf:d6,0.00045351473922902497
24:43:e2:fd:49:10,0.00045351473922902497
94:b4:0f:e2:d0:b0,0.00045351473922902497
ce:10:db:fd:cf:41,0.00045351473922902497
94:b4:0f:e3:05:40,0.00045351473922902497
e6:ae:8d:12:03:ea,0.00045351473922902497
7a:ac:b9:6a:1a:1f,0.0009070294784580499
74:83:c2:81:4a:6e,0.0009070294784580499
7e:ac:b9:6a:1a:1f,0.0009070294784580499
7a:ac:b9:ba:a6:bd,0.0009070294784580499
18:64:72:55:12:90,0.0009070294784580499
18:64:72:55:12:91,0.0009070294784580499
12:14:1c:4b:f1:18,0.0013605442176870747
6a:b5:34:d9:ec:48,0.0018140589569160999
06:b8:e6:dc:f8:06,0.0022675736961451248
7a:83:c2:82:4a:6e,0.0031746031746031746
f6:a2:67:39:32:21,0.0036281179138321997
a6:30:f0:44:9b:13,0.004081632653061225
bc:a9:93:0b:fe:00,0.004988662131519274
82:ac:b9:6b:1a:1f,0.004988662131519274
40:e3:d6:cd:2d:21,0.005442176870748299
da:d1:c5:59:62:f1,0.005442176870748299
7e:ac:b9:6b:1a:1f,0.005442176870748299
4c:12:e8:9a:2d:01,0.0058956916099773245
40:e3:d6:cd:2d:20,0.006802721088435374
74:ac:b9:6a:1a:1f,0.0072562358276643995
7a:ac:b9:6b:1a:1f,0.008616780045351474
94:b4:0f:e3:1d:50,0.011337868480725623
94:b4:0f:e3:1d:51,0.011791383219954649
c2:a4:76:53:18:e4,0.013605442176870748
4c:12:e8:9a:2d:00,0.014512471655328799
94:b4:0f:e3:1d:41,0.014965986394557823
94:b4:0f:e3:1d:40,0.014965986394557823
c2:a4:76:d3:18:e4,0.018140589569160998
c2:a4:76:83:18:e4,0.018140589569160998
40:e3:d6:cd:2d:30,0.02312925170068027
40:e3:d6:cd:2d:31,0.02312925170068027
c0:a4:76:23:18:e4,0.024036281179138322
68:ff:7b:d4:f1:ce,0.026757369614512472
8e:dc:97:12:63:00,0.030839002267573697
88:dc:97:12:63:00,0.0326530612244898
8e:dc:97:12:65:55,0.04852607709750567
88:dc:97:12:65:55,0.052607709750566896
8e:dc:97:12:62:ff,0.05396825396825397
88:dc:97:12:62:ff,0.06621315192743764
68:ff:7b:d4:f1:cf,0.11428571428571428
88:dc:97:12:62:cd,0.14603174603174604
54:af:97:6b:ba:ce,0.15782312925170067
8e:dc:97:12:62:cd,0.16825396825396827
88:dc:97:12:64:c5,0.17551020408163265
8e:dc:97:12:65:54,0.17959183673469387
8e:dc:97:12:64:c5,0.18639455782312925
88:dc:97:12:65:54,0.19727891156462585
8e:dc:97:12:62:cc,0.3705215419501134
88:dc:97:12:62:cc,0.4158730158730159
8e:dc:97:12:64:c4,0.509750566893424
88:dc:97:12:64:c4,0.5505668934240363
b4:5d:50:d7:e9:41,0.5732426303854875
b4:5d:50:d7:e9:40,0.5995464852607709
8e:dc:97:12:65:57,0.601360544217687
b4:5d:50:d7:e9:51,0.6077097505668935
b4:5d:50:d7:e9:50,0.6086167800453515
8e:dc:97:12:62:c6,0.6340136054421769
88:dc:97:12:64:83,0.636281179138322
8e:dc:97:12:64:83,0.6376417233560091
88:dc:97:12:65:58,0.6798185941043083
88:dc:97:12:62:c6,0.6839002267573696
88:dc:97:12:65:57,0.6857142857142857
8e:dc:97:12:65:58,0.6902494331065759
8e:dc:97:12:64:82,0.7238095238095238
8e:dc:97:12:62:cf,0.7473922902494331
8e:dc:97:12:65:2a,0.7555555555555555
8e:dc:97:12:65:63,0.7587301587301587
88:dc:97:12:64:82,0.7845804988662132
8e:dc:97:12:65:22,0.7850340136054422
88:dc:97:12:65:22,0.7859410430839002
8e:dc:97:12:65:21,0.7936507936507936
88:dc:97:12:62:cf,0.7972789115646258
88:dc:97:12:65:63,0.799546485260771
88:dc:97:12:65:2a,0.799546485260771
8e:dc:97:12:65:2b,0.8272108843537415
88:dc:97:12:62:d0,0.8281179138321996
88:dc:97:12:65:2b,0.8281179138321996
8e:dc:97:12:62:d0,0.8353741496598639
88:dc:97:12:65:21,0.8421768707482993
8e:dc:97:12:62:c7,0.8684807256235828
88:dc:97:12:62:c7,0.8698412698412699
8e:dc:97:12:65:64,0.9532879818594104
88:dc:97:12:65:64,0.9619047619047619
