rp_id,so_mau,loi_trung_binh,loi_lon_nhat,x,y
RP03,12,20.02528034754632,82.0,41.0,0.0
RP37,12,16.004030122171038,38.583477570065746,9.0,52.0
RP01,12,15.525545030681307,66.00093926460757,-41.0,0.0
RP33,12,14.031490238950177,29.242225843242878,-30.0,52.0
RP36,12,13.398474174484827,35.18865710990169,0.0,52.0
RP34,12,11.51467478891751,36.66761398030906,-23.0,52.0
RP16,12,11.03867890708404,42.95346318982906,-42.0,24.0
RP10,12,10.145668102397291,36.58046755152063,-15.0,18.0
RP02,12,9.953406719635696,41.0,0.0,0.0
RP28,12,8.737303103578334,26.918980034890712,0.0,41.0
RP30,12,8.736351582910022,19.24215517581816,-13.0,45.0
RP39,12,8.479613160600529,24.228634338149583,22.0,52.0
RP27,12,7.78210203694864,27.646899074965418,13.0,41.0
RP32,12,7.625233631495129,35.70961025812296,22.0,45.0
RP06,11,6.511427758617031,22.0,8.0,10.0
RP22,12,6.418728261609672,18.426751202560222,-43.0,35.0
RP38,12,6.241604209200521,15.5755055807492,14.0,52.0
RP18,12,5.996827947630808,27.039895654498192,-13.0,33.0
RP40,12,5.737701578855893,18.176829378405007,29.0,52.0
RP31,9,5.650389572880972,21.77518373942938,13.0,45.0
RP26,12,5.6061991234250454,16.697227894780013,-13.0,41.0
RP24,12,5.508390271504632,30.723503635918178,36.0,35.0
RP23,12,5.354833391997661,29.287671860315548,-36.0,35.0
RP25,9,5.264050970866368,30.426814317916055,43.0,35.0
RP14,12,5.0821021050638135,14.979582063189252,13.0,22.0
RP35,12,4.7462154094833,25.199021237902564,-15.0,52.0
RP29,12,4.603772413662939,12.940529601462387,-22.0,45.0
RP19,12,4.47911599347935,22.02271554554524,0.0,33.0
RP09,12,3.6078175243346355,27.637872894459505,38.0,7.0
RP15,12,3.3693711311343257,19.209372712298546,26.0,22.0
RP05,12,3.0376110797180806,14.893736151788852,-8.0,10.0
RP17,12,3.032885637494157,22.933296370874274,42.0,24.0
RP11,12,2.878529340862419,15.0,0.0,18.0
RP21,12,2.6848589248217305,14.892808738947492,22.0,34.0
RP07,12,1.9063294349226239,8.836636598074893,30.0,10.0
RP13,12,1.0631725620228594,8.68130839076262,-13.0,22.0
RP12,12,0.9884997999424187,4.869814462011736,-26.0,22.0
RP04,12,0.8967923419410021,5.971036320221964,-30.0,10.0
RP08,12,0.7737677866054358,9.28521343926523,-30.0,14.0
RP20,12,0.0,0.0,-22.0,34.0
