mo_hinh,k,validation,validation_dung_diem,test_10_seed,test_10_seed_lech_chuan,bo_diem,bo_diem_trung_vi,validation_m,test_10_seed_m,test_10_seed_lech_chuan_m,bo_diem_m,bo_diem_trung_vi_m
kNN,1,9.550472853048428,0.5720338983050848,9.464081401104572,0.7725121921805782,20.70504600128504,15.0,3.3503058768493883,3.319999755507484,0.2709972770169468,7.263330137250792,5.2620000000000005
kNN,2,10.286566208272216,0.3453389830508475,9.450213334390355,0.48115981850542827,18.33297967490075,15.0,3.6085274258618933,3.3151348377041367,0.16879086433170423,6.431209269955183,5.2620000000000005
kNN,3,10.297732455998794,0.23940677966101695,9.70255441716457,0.41309903502252465,17.70069998156506,14.881009523699811,3.612444545564377,3.4036560895413315,0.14491514148590165,6.209405553533022,5.220258140913894
kNN,4,10.592696804739743,0.17584745762711865,9.756471505635709,0.34456772713649714,17.30115499979557,14.866068747318506,3.715918039102702,3.4225702041770067,0.1208743586794832,6.069245173928286,5.215016916559332
kNN,5,10.6520389870551,0.1228813559322034,9.937950419535891,0.26934263835563627,17.076059886948308,15.0,3.736735276658929,3.486233007173191,0.09448539753515721,5.990281808341466,5.2620000000000005
kNN,7,10.835672216893528,0.07838983050847458,10.32153945010392,0.3181528271883634,16.81006185963211,14.866068747318506,3.8011538136862497,3.6207960390964553,0.11160801177767789,5.8969697003589445,5.215016916559332
kNN,9,11.208429398111964,0.029661016949152543,10.592476207594864,0.37480756482156063,16.70044688205744,14.752693832268127,3.931917032857677,3.7158406536242783,0.13148249373940346,5.85851676622575,5.175244996359659
kNN,11,11.550771475164893,0.01694915254237288,10.865778312325958,0.3396230769506047,16.658928894909145,15.006885472017435,4.0520106334878445,3.811715031963946,0.11913977539427212,5.843952256334128,5.264415423583716
kNN,15,12.242919740632626,0.00211864406779661,11.406834521836718,0.3505791529148899,16.675258379358027,15.034331082928537,4.294816245013926,4.001517550260321,0.12298316684254337,5.849680639478796,5.27404334389133
kNN,21,12.880839742600093,0.0,12.11638317539964,0.36218156277931624,16.71611418260173,15.17105789760313,4.518598581704112,4.250427217930194,0.12705329222298414,5.864012855256687,5.322007110479178
kNN,31,13.696709235992026,0.0,12.921518618096945,0.3215832834138703,16.85866861650083,15.48713003335787,4.804805599986003,4.532868731228408,0.11281141582158571,5.91402095066849,5.4328852157019405
kNN,41,14.260177187599192,0.0,13.538761085094075,0.31664767179395187,17.037103366895217,15.718163956638108,5.002470157409797,4.749397388651001,0.11108000326531832,5.976615861106842,5.513931915988648
kNN,61,15.013186486531865,0.0,14.506980789294577,0.2940078436586375,17.391211011017877,16.175078458177303,5.266625819475379,5.089048860884538,0.10313795155545004,6.100836822665071,5.674217523128598
WKNN,1,9.550472853048428,0.5720338983050848,9.464081401104572,0.7725121921805783,20.70504600128504,15.0,3.3503058768493883,3.319999755507484,0.27099727701694687,7.263330137250792,5.2620000000000005
WKNN,2,10.111825364093223,0.3453389830508475,9.291404661442876,0.4832920908864935,18.3090499645134,15.0,3.5472283377239027,3.2594247552341606,0.16953886548298192,6.4228147275513,5.2620000000000005
WKNN,3,10.040226003389726,0.23940677966101695,9.473812837754814,0.4287051239703539,17.654374132487735,14.866068747318511,3.522111281989116,3.3234135434843886,0.15038975748880015,6.193154445676697,5.215016916559334
WKNN,4,10.299619061974933,0.17372881355932204,9.501793992472619,0.3605687679216221,17.250261632589208,14.866068747318506,3.613106366940807,3.333229332559395,0.12648752378690503,6.051391780712294,5.215016916559332
WKNN,5,10.329044157105415,0.1228813559322034,9.659789558620876,0.28181175851888096,17.01470183136782,14.965931684784389,3.6234286903125796,3.388654177164203,0.09885956488842344,5.968757402443831,5.250048835022364
WKNN,7,10.500949007560772,0.07415254237288135,9.99632325650523,0.3104935707115182,16.742166849469015,14.775595608339076,3.683732911852319,3.506710198382035,0.10892114460560058,5.873152130793731,5.183278939405348
WKNN,9,10.826061176355436,0.029661016949152543,10.25041471878862,0.3603079810439457,16.628325710957736,14.681132169223073,3.797782260665487,3.5958454833510483,0.12639603975021615,5.833216659403973,5.150141164963454
WKNN,11,11.140658393319441,0.01694915254237288,10.504451565313243,0.33006342199101524,16.581264127769536,14.879107922169947,3.90814296437646,3.6849616091118857,0.11578624843444815,5.816707456021553,5.219591059097217
WKNN,15,11.776292472474443,0.00211864406779661,10.998665871995245,0.34325155850425854,16.591325515524357,14.95252688513664,4.131123399344035,3.858331987895932,0.1204126467232939,5.820236990845944,5.245346431305934
WKNN,21,12.391397738052419,0.0,11.663606068313104,0.35167255033220934,16.62088518472316,15.053073077888946,4.346902326508789,4.091593008764237,0.12336673065653904,5.830606522800885,5.2806180357234425
WKNN,31,13.175489346145175,0.0,12.437864450322987,0.31502099558276975,16.75338313708188,15.35485763487436,4.621961662627728,4.3632028491733035,0.11050936525043563,5.877086804488323,5.3864840583139255
WKNN,41,13.723653535889659,0.0,13.04133002822223,0.3080403890720195,16.91457095990016,15.620379882936176,4.814257660390092,4.5748985739003585,0.10806056848646445,5.933631492732976,5.479629262934011
WKNN,61,14.457588346608544,0.0,13.98251985509387,0.28703234344539025,17.235985118937702,15.997134875041324,5.071721991990278,4.905067965166929,0.1006909460806429,6.046383579723345,5.611794914164497
kNN Bray-Curtis,1,8.12754549382568,0.625,7.494344968412761,0.6886262413137748,19.927104670390943,15.0,2.8511429592340485,2.6290162149191967,0.2415700854528722,6.990428318373143,5.2620000000000005
kNN Bray-Curtis,2,8.048031788476564,0.4491525423728814,7.340281795689822,0.5953396248375037,17.59000466319951,14.866068747318506,2.823249551397579,2.5749708539279896,0.2088451403929963,6.170573635850388,5.215016916559332
kNN Bray-Curtis,3,8.038139353096572,0.3516949152542373,7.583084267834712,0.5454641272714633,16.72778884920082,14.096557327752492,2.8197792850662773,2.660145961156417,0.19134881584682933,5.868108328299647,4.945072310575575
kNN Bray-Curtis,4,8.32857479268328,0.2605932203389831,7.793648414014543,0.4876937413260169,16.29168253056655,14.035668847618199,2.921664037273295,2.7340118636363018,0.17108296445716673,5.715122231722746,4.923712631744464
kNN Bray-Curtis,5,8.612751906693674,0.2097457627118644,7.9523663912142295,0.45831590596301,16.03134426118674,13.790920346102718,3.021353368868141,2.7896901300379517,0.1607772198118239,5.623795566824308,4.837854857412833
kNN Bray-Curtis,7,9.007219271210685,0.13135593220338984,8.295635763584873,0.43743516257498555,15.851028283017515,14.035668847618199,3.1597325203407083,2.910109025865573,0.15345225503130494,5.560540721682544,4.923712631744464
kNN Bray-Curtis,9,9.309116860171525,0.0847457627118644,8.647730009593555,0.4021413867118976,15.728343319855895,13.69801069012082,3.265638194548171,3.033623687365419,0.14107119845853366,5.517502836605448,4.805262150094383
kNN Bray-Curtis,11,9.731416649794507,0.038135593220338986,8.940019554906627,0.40613652332488714,15.661202422464571,13.697644742489672,3.4137809607479133,3.136158859861245,0.1424726923823704,5.493949809800571,4.805133775665377
kNN Bray-Curtis,15,10.177079008832655,0.00847457627118644,9.4920157208275,0.34033869286348906,15.619875633512553,13.777152674187416,3.5701193162984954,3.3297991148662867,0.11939081345651197,5.479452372236204,4.833025158104945
kNN Bray-Curtis,21,10.984432673533382,0.0,10.203791227545464,0.3104800419972309,15.663362194170558,13.849538687512165,3.8533389818755106,3.5794899626229486,0.1089163987326286,5.494707457715032,4.858418171579268
kNN Bray-Curtis,31,11.788176234026563,0.0,11.07297220545066,0.3149803016948504,15.749439071200497,13.986459974253723,4.135292222896519,3.8843986496720913,0.11049508983455353,5.524903226177134,4.906450158968206
kNN Bray-Curtis,41,12.396159267603934,0.0,11.724883264718931,0.31092057596400985,15.903654937230598,14.281926712503978,4.34857267107546,4.113089049263401,0.10907093804817465,5.579002151980494,5.010099890746395
kNN Bray-Curtis,61,13.235269612497312,0.0,12.668280757465869,0.27712611353903943,16.165761652830216,14.740395192423449,4.642932580064057,4.444032889719026,0.09721584062949504,5.67094918781284,5.170930633502146
